visibility,distance,speed,mass,collision_prob,collision
109.93428306022466,639.9355436586002,16.62410862512809,618.4384884245218,0.007945715513913681,0
97.2347139765763,592.4633682912769,19.27740664642241,827.9229978440997,0.012940513408017993,0
112.95377076201385,505.9630369920174,16.037900395000193,917.2788933156712,0.013038746058847785,0
130.46059712816052,435.3063222294426,18.4601923518048,1377.5375314680382,0.013876485927272454,0
95.31693250553329,569.822331361359,10.531926665231072,1111.3106249067516,0.013155875912523778,0
95.3172608610164,539.348538542175,21.066468536864694,732.9036861800217,0.015675320742321745,0
131.58425631014782,589.5193220027733,20.006027376811122,1097.2072578835273,0.00815236247374309,0
115.34869458305818,563.517180168197,15.914556844659046,690.5392022123269,0.009595415697534138,0
90.61051228130096,604.9552715319335,23.296228342162024,1216.5382107774146,0.016096740933464193,0
110.8512008717193,446.4764788439432,24.68785068813279,905.7750696364243,0.018133371462003594,0
90.73164614375075,631.7394065634326,11.96220067815513,981.2727622521659,0.011404790030340582,0
90.68540492859486,519.75996046924,16.18637610716893,1265.159329508438,0.01930088598656511,0
104.83924543132068,707.5260872625265,16.15428825106351,742.56728628315,0.007046415982634786,0
61.73439510684404,431.0812181910432,15.300484494455677,720.5763629774017,0.031021182878189783,0
65.50164334973934,673.5963803165249,24.147374209658743,883.2801347307991,0.01639424090510516,0
88.75424941518054,519.7910783462647,19.030869306135983,1207.6757702038633,0.020562943765573133,0
79.74337759331152,434.85819963855516,18.677425793446947,696.1307849046316,0.025511218062700448,0
106.28494665190547,451.61141659456786,9.980688177966233,433.5688803778862,0.012167657159363876,0
81.83951848957578,467.965269180568,23.17709015104613,909.7682283182003,0.0258906757774978,0
71.75392597329417,542.4165946401916,13.803708025732638,1110.3481599821841,0.02150839696412022,0
129.31297537843108,552.2835488035499,20.299663151331643,1240.0523499477658,0.009951304354588596,0
95.4844739902693,442.6299996061421,21.386884689790957,907.3677275829202,0.022394381360702625,0
101.35056409375848,497.56454077390174,26.803292979193255,917.7146785767995,0.018547667453104183,0
71.50503627573087,714.2270358611863,13.455898004404439,1230.7801468511495,0.012131775960062484,0
89.11234550949635,672.7543170100712,4.902439220895873,626.0516600609159,0.007290947661527891,0
102.21845179419732,543.6323669674032,20.919247723768475,922.2958449633982,0.014870265117159767,0
76.98012845155395,503.80034781682,29.002555907554267,1038.0847779850114,0.02727001347686193,0
107.51396036691344,512.0031326718262,26.19473176469719,1089.8437442570068,0.01683819205607022,0
87.9872262016239,561.3517972730417,21.048297076373128,898.0386613618235,0.017248734620475617,0
94.16612500413447,397.72074348015946,17.541819071839765,1006.8882023411683,0.025202686645638548,0
87.96586775541206,474.2623462576655,24.035612983186553,502.3345293174021,0.019911893869790257,0
137.04556369017877,333.1415926122411,15.132269001477656,868.3503175332303,0.013485235259923761,0
99.73005550524132,539.922312260528,22.381788846781095,1090.7017425108934,0.016714701410679867,0
78.84578142088199,564.7195939702741,22.527350795833133,803.5411931490642,0.01911374875182244,0
116.45089824206377,451.68135377006263,25.3010495374944,1011.7968443179195,0.016937851385601128,0
75.58312700057955,657.3986763290033,33.79830019455539,1089.3745001605396,0.01744530503403585,0
104.1772719000951,377.4234336997659,21.962079835893835,931.490159828447,0.02385061607213999,0
60.80659752240449,353.562511979018,17.455181871462507,1034.0927541993142,0.044720651849959644,1
73.43627902203139,522.4451818559972,19.87212843904003,807.4534869430776,0.022731488224225445,0
103.93722471738246,604.7098302612154,11.15462047555441,958.6777440607907,0.009999711143447998,0
114.76933159990821,668.3927691457868,16.52643434455471,1122.0432339178444,0.007869747617854445,0
103.4273656237994,454.111573713106,17.95358780943448,1031.3945921936868,0.018944338771689356,0
97.68703435223519,607.8680833431296,17.379558010327038,882.693746087213,0.012062204069749918,0
93.97792608821422,496.1491530499293,20.76177436016861,1044.8432808581586,0.020197141611032286,0
70.42956019265145,482.73727000591805,15.887900338088997,1142.9219581273237,0.02763177603920656,0
85.60311583210583,588.3659937486673,25.605153336622358,590.0117442845044,0.015242896247679789,0
90.78722458080425,565.232287841342,20.001035324590987,1231.8148129911795,0.017616595393067737,0
121.1424445243783,342.36078430157505,19.953498394306926,932.7490522637856,0.019307504964457326,0
106.87236579136923,647.6540349725896,18.36052641743541,1085.0979866480461,0.009835774409887537,0
64.73919689274533,638.0091354147452,20.775953419294897,1239.4493847290455,0.019826900831137164,0
106.4816793878959,437.44372984904703,24.125491323338174,725.6652605539068,0.018583549432519494,0
92.29835439167367,539.5803533437409,15.664348921445498,858.1117995144907,0.015734006823527602,0
86.46155999388083,549.4030186282739,16.709417554623716,942.290260824859,0.017374430911775395,0
112.23352577681736,526.0673765823907,18.481369856116675,843.2492957751143,0.012606937079174721,0
120.61999044991902,444.969484615458,13.270645382633926,1346.9873151673617,0.014461857908371449,0
118.62560238232398,432.83766320619486,15.903710701392512,828.6455812346414,0.014264165143939552,0
83.21564953554723,497.44459290085547,17.618895632276704,888.8906441026267,0.021360212684183817,0
93.81575248297571,617.2729019259365,24.37194590356364,1040.8778063205953,0.014281936760735223,0
106.62526862807128,554.3600154594433,21.312806645009626,759.5700947847822,0.012735406838834534,0
119.51090254244718,462.9385667913894,20.967949556837723,920.8638576487472,0.014406150947160717,0
90.4165152430942,577.1698710648345,24.25448981083986,1063.490652250035,0.01726200628701713,0
96.28682046672365,215.14573793699248,19.313141058003016,933.4279191234978,0.0384396830568176,0
77.87330051987944,614.8765700372103,21.952324249644448,981.3226282200103,0.01724339162852652,0
76.07586751838659,326.02862212219003,19.48389123533752,894.1335775103258,0.039070263795922405,0
116.25051644788397,463.7559058596868,21.326811746998143,697.1059381638465,0.014054997994584192,0
127.12480057141646,388.0330105373856,17.08620671194209,1064.3186422678477,0.015334692994027711,0
98.55979756839332,370.5318524279094,7.805914208617855,1350.9866143294482,0.02209955748642972,0
120.07065795784048,616.0826787378519,19.32860418906848,1003.6803261566877,0.008785511777618965,0
107.23272050095268,453.2298798688109,27.113740680499703,1045.05282344951,0.020098213556609644,0
87.09760490789752,534.6503881730716,24.631077011207964,1138.544551023372,0.021251712130231047,0
107.22791211016828,495.3079421120816,24.826987422955852,746.1339006906602,0.01573229157943618,0
130.76073132931938,547.7040827223121,26.18065360903109,1340.502931625921,0.010745654610559758,0
99.28347921780097,507.68218910602553,20.443287954807186,1040.4657592845604,0.017907265339188416,0
131.29287311628013,371.70077758114303,20.986578537027977,1326.371379817822,0.016744672155446637,0
47.60509791820511,599.626681944714,16.91174052282825,853.3934008952021,0.02350451189163508,0
116.43805008750448,450.62434168386875,18.41963571986475,1363.6123845115649,0.016841834651227135,0
101.74094136476343,344.34181013402485,23.07885574885571,1155.0310988069566,0.029093828408315096,0
94.01985299068265,457.1884839034087,26.019422185844082,1110.6080171704716,0.024492906721887035,0
101.83521553071004,650.0759790634311,19.302768621595003,1046.8048908706296,0.01059663475605788,0
60.248621707982146,585.0221742113492,17.749053675742942,950.2942763851102,0.022285655786619667,0
95.60656224324975,465.1347865592141,20.002639794282988,1240.1063316947746,0.022419826578791918,0
107.14225143023492,465.07422956815714,23.006033744645574,1028.0719739696094,0.0185589354110713,0
129.55788089483033,467.83649487826176,12.78072591933229,606.5860592825695,0.009164761968073223,0
89.63459563452705,707.6747983560841,8.51909523431381,776.5627076585995,0.007544249255853703,0
83.83012794213624,538.1935452231553,17.247315752542082,962.8308495614506,0.018980605206709873,0
89.96485912830927,543.0041647191069,13.896437870429207,1061.999796633111,0.01654053788297926,0
118.30804235404148,603.0283454031842,17.459299011763445,988.6823022200208,0.009144097262610718,0
106.57502219319369,523.8789159026513,19.26109840591264,1243.7941579587327,0.01569558373359928,0
89.40479592465923,474.0957854179297,17.733757954884933,609.779627192275,0.01885722032216537,0
110.26534866226712,480.3650150915022,27.262337672353727,1028.717587301032,0.01762208686028984,0
101.9415509869608,492.8398740585936,21.6337238230116,636.404154922569,0.015848570613085356,0
119.37289981065778,496.2777763490158,21.502371798054142,1151.9424590968338,0.014028396450004945,0
85.95893812245295,572.762954363698,23.11103572021701,981.1082571115994,0.01801070260635256,0
93.44675706804463,505.19458858072994,14.305834411096154,1083.9219944048236,0.01794630875490086,1
92.15783693735685,573.264007721558,25.195558937101342,827.2234078820468,0.016003846080207818,0
70.72970103735763,491.92834198914176,19.6211785673227,1255.8929863315502,0.029198512905306305,0
105.92240554129152,507.8635190316091,23.352403086206063,1208.3449328117704,0.01746067332892912,0
105.22110544359779,300.17993154678925,14.640713834799222,1116.7088606023776,0.02674041535850649,0
100.10226913284922,591.6327674702482,12.231206169919679,974.0965506273119,0.011421229998286493,0
95.30825733249706,534.6488475897993,24.089448290125144,1115.9714570590265,0.01864705614333342,0
71.69258515899172,599.8010109859653,21.882047630487584,858.6214864025302,0.018929976104648895,0
91.58709354469282,210.3744621806311,15.489742228212448,1171.1111318041424,0.04160195360304921,0
93.14570966946461,708.8374704780728,15.651684593626527,1329.8961788647841,0.009770563313626794,0
83.95445461556761,486.0410371844826,25.627173922073847,1214.1221119958373,0.026519794624778548,0
96.77428576667981,610.8182816737517,14.05294053566336,854.079506038518,0.01126656898004913,0
108.08101713629077,396.00940728744695,28.213364766279817,1072.2834634546207,0.023677007002008213,0
137.7237180242106,561.277390506257,15.496896326760655,741.3716912482705,0.006630068733489574,0
103.49155625663678,394.65844368263436,23.191959628041914,1114.4780622351352,0.02458543625612769,0
105.15100781445528,437.62310393041946,18.356907621255075,1090.1206825725078,0.01977064712040897,0
98.51108168467665,691.4031353866786,23.015937155411716,626.0367320935673,0.008693733176103313,0
61.62457569401917,480.93175992366537,17.279429989429037,767.6432312175273,0.028364981290063367,0
99.46972249101566,521.7432873179723,19.18603546963853,943.3722206512466,0.016318430627317082,0
101.20460419882053,587.0067730688754,20.204595876978605,939.8280505718348,0.013053949839000708,0
149.26484224970574,549.5681887972605,14.989062721092637,758.1046129162389,0.00552237265512962,0
96.15278070437755,515.0418905143576,23.704121727100627,1077.7957458704368,0.019308527807832043,0
106.03094684667225,536.4961002466225,17.433932167642073,1050.2947217881024,0.014115170392737355,0
99.30576460589513,740.3415585238275,18.857000423299908,961.1461736042961,0.007649451905431473,0
76.62643924760935,494.23812029664145,15.028253126957438,848.8416999683275,0.022220643214568667,0
122.85645629030041,520.1099046714968,7.1883317060234475,1209.7414252833128,0.00928254033908902,0
115.03866065373549,605.0654396007612,19.044861186999157,1331.081422617659,0.01065394548657909,0
115.82063894086093,610.5525932957984,32.063077108064576,903.2877032306926,0.010580353567121621,0
81.81225090410521,618.703030556038,23.92302143949012,877.5666165690359,0.01597703234831971,0
128.05588621872198,563.8730222029185,19.903698101328025,1098.2415330823992,0.009431949813750977,0
71.96297874415438,385.69950872695165,18.68554585395866,928.3941240506027,0.03528523910967423,0
111.73714187600541,663.3431532301096,20.11232946406023,972.1205598673532,0.008563200724714271,0
143.80911251619958,385.3654606981312,22.73559557587605,1147.9306303449343,0.012644090524828493,0
80.18927349738624,530.2635465239033,14.095935923455777,618.1287824985415,0.016964897089991892,0
88.67404540794456,424.57241499806423,25.571608473344362,1263.660464970534,0.02995012071412472,0
101.99302730175282,493.58616534070075,23.57690657720622,1014.5361048658683,0.01852430574685358,0
89.93048691767602,532.8762410303481,23.59092862853967,917.701371087564,0.019081565989887927,1
68.98673137867735,532.1357215450273,22.192378694048635,982.1531691557102,0.025528306129571417,0
101.37125949612054,542.1920754235284,20.09808328846995,992.4858710041037,0.015285271149918083,0
78.7539257254779,661.3711269058647,23.3643061798341,653.759739311015,0.013083563938093118,0
109.47184861270364,545.353430151398,22.95907066870689,1298.987645490647,0.014878171434099908,0
81.61151531532394,475.5843364709351,18.22979644529488,1008.2651264541237,0.02443909311146489,0
130.9986881003508,596.4087168288357,17.131991135515495,1088.6004260894751,0.007676568673988768,0
84.33493415327526,618.9470488924641,20.509281476309933,1190.3099541148085,0.016106176334298283,0
93.55876967588648,377.23921848630073,27.74510075747594,795.76750848794,0.02841660890107596,0
116.27034434739339,559.7400069849858,13.804464621730496,1094.6943798070456,0.010492922018209323,0
75.3827136713209,570.1172742310898,12.6623736712378,946.4717818202413,0.01748058501706143,0
104.54919869208258,470.2436496640008,20.823804206182583,1169.3541550432988,0.019192388008634726,0
126.14285508564856,637.570681331162,20.25443850928009,574.554515929701,0.006343591413220483,0
67.85033530877544,484.9944412967473,20.86670832185204,980.1811399517462,0.029417251944505854,0
103.69267717064608,512.5576453471542,21.219765989542502,879.4358688432077,0.015866226418425833,0
105.19765588496847,482.69281757161303,18.883988726825976,1086.4525901268312,0.017444764825653512,0
115.6364574355462,501.5579047581468,27.449317193010412,1094.0088374736404,0.01543312958763502,0
75.26098578243835,390.3724913104798,11.995480107617421,858.4748210355948,0.028680244439024873,0
73.59086773831447,355.99491174057056,15.857514876098769,857.5652271647913,0.034783378158364575,0
110.43883131233795,659.4505063224972,19.483726199254765,977.8669262885342,0.008801448025151776,0
105.93969346466372,415.30386516816725,11.784055944229163,820.6715545369584,0.016853413151704185,0
105.00985700691753,400.86076505436927,19.120727977839643,1168.3967390904254,0.022646706153723845,0
106.9289641899395,284.6609886396285,28.30735082864009,926.1585599105108,0.030740998717735075,0
86.39950556843019,436.10382523104977,20.10443244147981,418.6023561356717,0.020713982210932926,0
104.64507394322007,367.69102065925017,21.153504528593416,925.0355886756388,0.023993189670838164,0
105.86144946597362,664.2015160136369,13.699176174137099,792.2912358312055,0.007893542743116473,0
85.71297163947264,600.9817089342635,16.918192959802614,673.7448369078108,0.013481757478495643,0
137.31549022289514,431.18496548222765,18.124018098380315,752.5146723554856,0.010431630462194082,0
109.47665841823576,725.2435805344309,18.41142451621883,1021.881694366594,0.00698841866489043,0
76.17393005594703,598.1765486991594,26.408218975018844,1265.7281656496461,0.021012270301630123,0
113.1310721726766,467.51686164913775,22.78845530362562,1062.636894772996,0.016849479765919946,0
80.50636659545357,250.05942851264268,14.44271021531484,878.699322356852,0.040223562033025184,0
115.74169207484904,729.0942572590742,21.232523892160025,1091.1808390341405,0.006601339294315448,0
123.17191158014808,361.0427533236404,22.491108742483924,908.1819379562016,0.018237350757034355,0
83.5863536329658,335.46012530431085,25.700745192606334,861.079926167371,0.03672681130366339,0
119.26752258488644,602.2570432009641,27.902703432841868,769.1274663534032,0.009520106105545434,0
108.25561853872996,743.9752406339273,14.924529040860657,649.6342386496563,0.00546636330891424,0
116.4412031998898,638.4272818510518,15.94571244394831,922.015258688111,0.007967082614742986,0
137.93585965307895,556.3909120052359,13.71211070542692,1031.6106979840263,0.00713159087825316,0
95.09223767994258,559.4754341665285,18.829900704465093,980.675265997022,0.015547204760686623,0
84.9252767128502,585.3415558780308,22.331791872231673,916.8066144105283,0.017028076930966893,0
82.20971140748954,575.8928589786765,24.93667258294551,810.8507878606438,0.01812467598285054,0
83.68379430069123,528.1191423969376,19.620244881787386,1121.6492383369937,0.021290073868563686,0
98.45796581171791,510.42011039518763,18.40076238372578,736.573616010683,0.015767556578579808,0
106.82303949633288,493.7406872100478,20.758789961243703,1155.205582768695,0.01718972722734325,0
105.53381598660039,424.60354111333237,15.824285491849885,799.5565962146551,0.017840486832853997,0
116.54366498072048,471.9324923133226,30.447693608473866,849.512952529393,0.01580331872214806,0
100.26003783755814,330.70431858046146,11.961694864409706,706.6429618768645,0.022138128832384172,0
129.07068154314635,490.166037320525,20.923702894478623,899.7195706228727,0.011184409295237065,0
94.70686333524088,401.14088928490827,30.118031096148197,1195.0624916955958,0.029955312132120666,0
154.40338333179238,389.6410682784229,20.033999222799988,1103.1256176887914,0.009724558426890954,0
112.51334695530012,517.9894151153478,19.049804824992528,1195.684422405607,0.014341103595817042,0
82.85684887167434,639.2002286344599,18.212772885947864,1104.428509186787,0.014509623008431395,0
78.58215003877775,591.8316606002313,19.09804159118796,779.2660342939262,0.01658606855024552,0
109.64944830486371,342.9499396376823,26.864242373382652,933.8421551344885,0.02524163633606077,0
95.53074429348298,401.03718634296627,8.940690443352466,843.9601741765075,0.019306470483060167,0
114.28000988184183,594.0771187988216,27.667168506481627,1266.114980807808,0.012220103044574264,0
109.4647524914709,401.75126064616904,12.880214237749275,760.6422707147377,0.01658411581592367,0
98.54342174686255,477.53668500029755,18.666738353827927,1178.7395378778222,0.02000152503603533,0
83.06412563863191,555.0052099024551,17.853777898506692,1178.5907740217538,0.01943625604201536,0
69.70305550628271,403.1655545136365,22.9427663488536,1365.9240403432175,0.04076807516216905,0
91.06970095865958,510.537550614596,12.009378240581263,918.0626814741005,0.016584745308580714,0
117.12797588646944,366.5974505081796,22.310863330409713,1142.4644319160325,0.021202587788428085,0
104.28187488260409,439.86323560487864,30.121548116434262,1456.3303673077685,0.024376461608975677,0
75.08522442576023,531.9781934142537,13.184129977035948,876.4716646132607,0.01962014081412845,0
103.46361851702363,340.70062664683303,20.94853083805198,692.9919504935281,0.024019901178215584,0
107.70634759457674,544.0474737960399,16.690089111016956,623.9979932184473,0.011392961205946416,0
82.32285127597734,498.03622010733187,22.12943603096518,1142.5424057722662,0.02476283264838916,0
103.07450211891056,555.2489954417148,20.09573888707876,623.3699583882833,0.012474240268281717,0
101.16417436892,522.3914134064662,16.79256545477845,925.5361894124154,0.015176365797294738,0
77.14059404338754,636.4140429973844,22.43936142435537,1087.462637407792,0.01674426768799843,0
107.15574720696567,512.5224502647907,29.021740548933714,1037.0351073659829,0.01707316544071936,0
111.21569052736469,457.0594458874747,19.045481041363505,1085.0889728368345,0.01713517268038967,0
121.66102486350553,512.2297503032283,23.59878971074091,1044.457971160171,0.012830013685715593,0
121.07604104069806,554.3298029036388,13.533635210644182,1255.7731626626787,0.010161421176762405,0
72.44661264085818,504.88600703257043,15.217818115909957,809.5367238522406,0.022503129598115193,0
81.24349920169755,504.0591691203882,22.362031389401885,864.6009723082938,0.022849066219593248,0
110.3007053441732,429.80083121932444,27.420580142679825,845.4681109458352,0.019294091806048373,0
110.27571901824417,433.7099082449052,21.7780667439283,1166.038362372522,0.01971658439539393,0
110.30095372612095,359.73947282003064,18.434709847384227,1180.0797176790127,0.023057930664459065,1
177.05462981309444,674.957674318694,19.99645702711677,1090.2450638637017,0.0024604328361983907,0
111.41781021386333,375.6136764608715,13.747961330151412,1236.6987333779855,0.020178461518810635,0
122.71131280361197,430.70948022040926,23.022576631776833,764.3918265247239,0.014547100298369428,0
119.08003526986406,428.1592734430802,24.411665311617046,1333.4448223102274,0.018495258161504047,0
113.02782502611596,589.4924376944441,17.7395483358346,1304.6477243424515,0.011309460238587482,0
93.69461510719309,470.5050321707972,17.649789261202493,1147.1243994491492,0.021442830084506915,1
115.17938440986535,624.7742072673734,21.329391148260243,1356.359781754212,0.010309744338970599,0
84.54349570924856,432.65093757561317,17.816401319797023,668.6753584644453,0.023419964796316677,0
95.26362786519982,527.8994162223802,19.669336926870887,895.1103727474697,0.016913758329529332,0
90.29272904341794,416.4652946740243,30.49860894583258,852.9393078636095,0.02790378526111759,0
101.63748278772646,714.5149127773388,18.76487149627002,1144.2958647514686,0.008541744172094766,0
146.29317133347018,381.2401580970487,18.20829923989389,789.9718520795709,0.010279770012638835,0
62.65469614816504,530.9820710227027,16.762290971824203,1151.499029867497,0.02675792037714933,0
113.72520380749027,563.3776880932098,23.720959857499682,1274.1072287993427,0.013155508633084614,0
67.74568257620697,541.3799097451498,19.093879133909486,1139.0405800167998,0.02516136336884163,0
90.56136268421133,481.4712341122292,16.753134808392872,1056.7502047323003,0.020916283569531742,0
121.77901193934733,487.0179300266574,26.60652016136506,802.4253318198502,0.01320140466938448,0
101.28560038190926,504.38114719791093,27.098015022568184,830.6298067749271,0.017704441549841018,0
78.44510444141387,485.2997998371511,16.997882171306475,1249.9237810593334,0.025754468633870306,0
85.69392581480064,596.387911679491,10.66730024319692,1155.8698007810665,0.01404484332078627,0
113.59195497869352,721.0523001591351,25.03756844918461,992.1960961244912,0.007174846776742392,0
85.39266736565727,444.2508214992166,16.57685087119998,916.4180908468219,0.024031048122362324,0
104.3291717916395,363.0197020420922,23.953127995813844,594.8384253777247,0.02222979691421193,0
100.91143679807628,491.17179516487454,10.149480911440822,785.8295162631123,0.013875171707377109,0
86.96799304788365,757.9709337654319,24.462986691496546,1382.2838174279445,0.0101491927365417,0
142.8788817865065,419.6325432030269,13.944140353596094,743.9088857995066,0.008971228902749541,0
112.67838044636022,663.9116805444067,23.653820595332622,1037.8959642442162,0.008971056100695662,0
59.49714826684786,667.770081407644,20.071365339182172,1201.4887946390397,0.01868935876747834,0
103.72908629538856,444.64117582920056,15.230302903016776,749.0154663995415,0.016816159508680626,0
86.76427070463224,556.8983079185275,17.964818435366098,1036.9420949562166,0.01773372626254455,0
117.04866669592448,662.8396623128538,23.431592284783505,1187.583107502131,0.008675832974724003,0
84.14958523134598,462.0872259012513,20.52947226557617,1002.49986438145,0.025368718357156376,0
97.70527117066202,479.64196398976384,22.922064902362422,1573.6806111333535,0.02282561990804778,0
110.09974557960915,441.8319086051356,29.882202922577427,666.280148224361,0.01778706611718647,0
117.31510388340243,398.5243269307133,12.178791941444743,1211.7457059767758,0.016553084147660362,0
75.99407185888447,435.0722454933993,28.08606287484312,965.4396525207071,0.03291584827230802,0
93.30997528318103,377.6059733237744,20.521779687616064,1154.384030967335,0.02930137387115538,0
90.50109377678088,503.4083468259226,15.50607975838436,1088.261430339849,0.019307835462805897,0
86.93341534852576,423.0026768941358,13.348431871305051,853.3687605780007,0.0229631789974427,0
135.30908480562192,523.3785911790748,19.054398046114834,1045.799278491868,0.009184723954387049,0
108.09963421921911,344.4104353796373,24.6082505596223,628.4197097203426,0.022478546041287874,0
74.78232091329909,533.0880232214457,19.362254398112327,1120.6495001142787,0.023563791240549636,0
118.35723894109552,583.3528961608924,27.55577465123674,1059.631693198105,0.011274290151468946,1
142.44312394025266,300.6264357428545,12.744121549742205,1127.7320337286205,0.013570848029917098,0
120.64930521102293,537.4056569847572,19.939555260769726,1211.62366501743,0.0119873680228779,0
69.61260068091974,622.7668992473292,13.738032777934404,1073.5239680419422,0.016757065657923658,0
90.31531854267497,379.03589813087945,21.81815941312484,1029.6178839596553,0.030054205876422636,0
125.33822298373245,667.2572386837703,24.4344369504865,823.7863326677416,0.006756949372587307,0
85.84661068762438,541.9019009366045,17.896191031594732,857.5558472701898,0.01781849055436292,0
108.87638856292457,429.49881442415915,6.97893071686433,1237.3469240354661,0.015304855672918309,0
115.49268106858673,494.4230922342294,20.99474073398247,1287.2670811411958,0.01538748463794366,0
81.46139056843833,555.8326912521723,22.183692758667547,952.3779127375892,0.019868210465640634,0
98.809492878764,507.60053914124114,22.021473774808488,1009.2005494506549,0.018263176372887487,0
35.17465319861854,553.8755992446369,26.17891095911077,819.0771250012468,0.03487493055107166,1
79.51224717331421,407.9326406920634,14.644731601754756,1234.551369053489,0.030268006486008775,0
94.9486369721368,516.9360824036078,23.401080527252248,1133.0833647383556,0.019747209370229044,0
75.04433636070301,358.628550309502,25.962537562389876,1388.2434872927497,0.04439210017723965,0
132.64822607863272,488.87739386513,11.107062079967417,824.3353845640522,0.008562457267859171,0
71.39717244078734,409.609235853521,21.598259129594886,924.3984201963566,0.0346710127830456,0
91.19911026606033,426.44700574102336,17.479100844961643,1046.2891845051145,0.02455034972137072,0
102.61481154572182,623.6093175210437,19.59238663449177,1129.2979075451542,0.011781263232573775,0
128.82546578132232,609.1310120594269,21.738382417691682,956.8664724904735,0.007889912336880628,0
71.2827569764112,560.9138120907177,17.56385717943224,825.4077819092599,0.020082993117717624,0
123.26327504309918,390.7687235327421,16.62145960419194,1176.2815057847142,0.01659156517675932,0
100.20466122039174,468.3591550305198,20.170762087440124,1144.2270725091164,0.020332364014763536,0
80.36982697904098,621.3097699979184,14.563770305685987,816.7451798872551,0.013713500956380461,0
109.24206948526542,514.1716913639905,14.570874355574073,1271.0885602210992,0.014366577519560931,0
103.9811939114694,731.9329539981694,23.396866414782515,1234.0397418393209,0.008372649273028264,0
87.9956624568241,539.3317839394372,14.25602982420672,1026.8592994495586,0.017178324933657774,0
101.39604169980038,519.2049116490032,23.33156250454606,1015.9195724752072,0.017239308384429525,0
92.2937280627648,469.0883535797499,22.312956464269757,1110.8115542231815,0.023304637088875865,1
102.27034690502497,513.3540904782283,11.370966356047017,827.6593859487484,0.013283898645922523,0
113.24261349042094,484.7530163619456,16.612176738321725,1006.0062958328165,0.014364461846787547,0
131.72033632290703,570.810867668859,25.97054701523686,569.523291078164,0.00769143543474519,0
75.24369002346302,595.6702316794584,15.094172344301592,1175.291129100587,0.017984347694038453,0
142.66066749312535,421.40105394920505,17.677978688453063,687.7013555116281,0.009392188043481058,0
60.958244009549965,366.8767046442222,22.31030446625948,1300.6839656857999,0.04919560308896968,1
96.96429809928833,316.37946268967033,23.91695254641298,933.9759812067099,0.03191356877914555,0
111.76634412969153,550.7991326912544,18.74230556977752,957.6666036137647,0.012240266481510732,0
105.61983735470065,389.66333938261266,17.01244902654179,874.4532187830989,0.020575886607005652,0
87.54600960358812,284.7109407047517,27.111849308492538,942.3922252155847,0.04093410993799554,0
95.83755499285449,538.8578604530965,28.694498318987897,1283.7062690296073,0.019764885915532836,0
90.13998130682334,749.299951743279,24.894290253908977,502.43826869298414,0.007610731441690432,0
88.21270486111577,499.39290884601064,20.42659071282512,1255.3930772176375,0.022749431782863525,0
116.99204194042049,583.8490774451642,15.958671391795368,1067.6046962203416,0.009922609208020879,1
107.14030971930094,508.1829358547565,15.847777967217173,758.5956704285569,0.01339858491559251,0
86.14180809478691,490.1110346808857,22.61257052632879,784.9375213901524,0.021705040357469396,0
117.99199750866501,591.9076482987768,22.09199110444342,1335.2786054416406,0.011070822583142303,0
106.14599041753219,470.97254558113485,27.007992964732146,810.8986240114538,0.018010602586538176,0
116.2572423767792,526.7392314071903,23.252250462680696,769.3298978808082,0.012233410287389513,0
112.59257683847224,532.1697806196014,12.48459849120091,1227.4629084729459,0.012201674607555998,0
83.42009978155855,433.1909546356951,25.259738088614593,1067.7105752571829,0.03000009241803217,0
88.79637919606061,599.2042349536523,15.009696863427935,812.4148846927202,0.0132331321541216,0
114.94587210246523,482.5040243304591,18.08014364023824,1043.3249950809238,0.014568889668980399,0
112.2074053086693,424.4254840507155,21.251001031258472,794.8494632719446,0.017453217568376967,0
99.58196812071704,553.6509843570403,29.978337448919824,1220.164279684521,0.01775412315265414,0
102.34654766617564,410.15320182089624,35.549592780026806,1212.2741929746267,0.026920675054595552,0
125.5532979157685,502.81811573691283,23.033615295680914,1106.4012397643887,0.01247233431746654,0
88.1685722232834,499.08810033557967,19.084016906398062,1072.3322122494033,0.021416142066512746,0
110.94194762340075,608.5895565831578,22.672528242402752,1352.2376249734748,0.011868811796911655,0
95.95614695132213,547.4698232879953,24.43827712936918,999.937265477645,0.01725371031071712,0
95.6463759354556,497.4973041254856,18.396661872214043,763.6251749158398,0.017291621396141522,0
121.9755370397438,581.7766299200287,28.97605677956161,1089.8947825664613,0.010868490552322183,0
116.5083269797606,639.0207549017314,21.15035379595701,1417.2094099074227,0.009672404990832517,0
116.27019272001277,555.7810306351862,22.48871544545697,797.0481013628296,0.011165521335631997,0
126.10957614308658,501.03526198433804,23.329621260272308,927.7074466612029,0.011850914637109432,0
100.42007683265518,368.81637676498406,22.10793305307228,1083.2892076202904,0.02705169149558,0
113.63905942589928,393.4886336924627,24.19470250234806,989.2190301988521,0.020514076436877325,0
93.79466486813088,469.47752956453326,16.913734067265384,803.5392839245371,0.01914283905732228,0
106.48332704976885,439.0487797840717,17.208491230269846,1224.3715712460942,0.019521572473397534,0
97.39713891264631,481.3028697014554,14.499228835141526,1464.0081444034518,0.01969645656719441,0
101.93991929985437,505.6649924897107,22.19750615310113,1039.2262918047816,0.017700019085925,0
111.90314050873828,552.9692754356731,23.89468251756057,819.1863420528,0.012402188660076505,0
83.63558633533054,492.95012219409085,22.28886433075943,690.207894989305,0.021387555043933883,0
141.8477455137092,548.6501643826202,28.372462166737687,1051.5951962442361,0.00836616548487942,0
79.87965237000596,506.44744148101205,19.97201990585477,1220.7754686632516,0.024677294666033408,0
75.71622774424536,302.45334336461286,23.343708277962563,1095.0335492990764,0.04640592371174341,0
123.16221747000135,406.06646061812455,14.54149561930343,999.5192318162292,0.014648421223078516,0
115.83325387925872,485.59124442783843,18.064501487627997,882.1456696421387,0.013545733385311107,0
112.4823963410431,379.0305257158892,23.47768878782889,781.567273456382,0.020123591918507083,0
112.5669101852856,559.9928729996204,24.245510553715718,1166.9502652649765,0.013325084768497475,0
99.7550645430617,653.0750832343697,18.530165261679088,1182.7543242771171,0.011061527881578074,0
82.05491257028336,621.8761851697317,19.642003740709665,690.8540426618533,0.013901938043736002,0
101.51609116387452,478.6557129069792,12.410631266595953,1317.9677956361368,0.017412667721196023,0
86.45676576975777,649.0726136849952,18.214853995966955,1114.8142441788002,0.013358272382282418,0
119.50239466835502,514.8667457202112,24.45191581759893,1279.9189290291588,0.014071548473827985,0
97.05885236995722,466.29140288819605,22.87602508053283,731.574450302977,0.01952909668107203,0
83.49005606414977,438.65973364590604,22.50332860690605,726.8351689169122,0.025587550421163844,0
93.57228316694014,469.7530313511872,20.2488684359048,970.2061380465407,0.02137458651391958,0
108.25862908551248,461.1823181458771,20.03531579314088,1100.556885379039,0.01808553390875047,0
88.7255089439205,517.0416222375487,16.698394302632764,1359.2721645853926,0.02056526082233949,0
83.55559208867137,516.0573981049864,23.494142101012674,1141.2157827630263,0.023401211795064377,0
104.87374422983825,500.30460201534146,22.10486472194695,951.4637446375933,0.016741057554894086,0
104.89933142217446,543.693816974635,22.460094239963997,794.7261584668215,0.013923424791706832,0
89.8611364925774,619.0646274786342,17.369825786662098,1246.00011454383,0.014349865467394056,0
90.57923388763355,594.9554135441324,9.233285400643778,807.058914849857,0.01144218398190189,0
104.64099874715272,351.51020315500966,25.48576355876848,1325.6937109544642,0.02903217849128088,0
71.03831317005351,244.60788650980453,17.605812719957978,943.1230700786981,0.050001784255917774,0
71.8507245124689,593.4319911239273,15.686121179784397,1318.11641452357,0.019733875353345295,0
85.63111557495128,363.3121301584579,23.467394559569968,1135.7862580118556,0.03512381485314086,0
95.73105696576306,477.52345981073165,18.03993680040435,972.6009021115084,0.019576013058061354,0
106.2181513119601,382.98869739406405,25.29968192023311,896.1207256347747,0.023365368800156425,0
129.50712433899105,319.801956241998,23.08502974788349,931.818424530784,0.01841381494202127,0
117.15319246404039,554.1462728204788,23.417846616002386,1085.6633384750476,0.012232931904226255,0
96.80122940073146,575.9155160302647,13.170221443997328,1015.4312992435433,0.013070478392846974,0
99.61967584194622,442.34895992732805,26.059719926932004,881.237718386259,0.022003778599499178,1
79.94941270724382,240.895770785509,21.30625265616928,966.8737179364736,0.04766074750369207,0
99.6297372801522,445.37555517475175,18.153614303768983,1015.71540594383,0.020573791723864407,0
94.22682722159723,539.1804005402546,20.716942336711256,574.2531811170376,0.01480897530527522,0
106.45437120676179,352.10884312258713,11.118823835508401,1091.6336229577398,0.021179393235874932,0
83.45538112895355,518.3359919779156,22.043264057403356,804.0557550566386,0.020673690244651762,0
110.38693028482345,498.4690150827004,14.853142459089643,769.3335193588509,0.01291264953305063,0
130.65477826005156,557.9291499601088,13.236648570782329,662.531130577858,0.007043121530388419,0
97.82479703086285,511.9580368414153,12.388204068910545,641.2215004264219,0.013574902777093854,0
108.03423444197882,402.69310591184444,25.563441874949625,728.9104993775422,0.0203087484236106,0
113.80287983422225,619.6571501664491,16.853683031536058,858.1958084739019,0.00883896850393334,0
91.97559056228327,484.147042697303,27.668638549582496,1390.6518275053136,0.02504825673804057,0
104.48184963620834,497.2695460490068,17.32099268473851,894.8240648209592,0.015565266168048148,0
100.2518480156359,406.6732040926804,11.463210212035266,1035.5500212536062,0.020023468397809156,0
101.95352197097664,455.67177488084894,14.417377800256705,1080.0962773012657,0.018328130013508893,0
84.53980432289067,411.5197285973099,26.179058100034695,1026.2130372431698,0.031311880517246586,0
100.49020348517885,482.7053940076577,19.220509110316662,984.5113078548013,0.018338470597560753,0
109.95996582490899,671.1708480142344,17.258563517546996,760.9412472801511,0.007625424115251929,0
129.02287215590084,362.8098857068644,20.80009112926394,1290.1855096558425,0.017679412668672127,0
119.18541652170414,338.6438602123259,22.508913680837725,1361.439328727577,0.023086174456239106,0
143.06364915023113,647.1170327493609,25.586994079512305,663.4682611754629,0.005008631863268387,0
84.65304874223901,479.0676322848134,27.242496149464632,795.1942818227241,0.024122850233097477,0
117.44641273441357,433.09272613400833,18.20115677105457,944.0379315245988,0.01571651253633473,0
103.66684011476704,603.9904687396076,13.369761569589809,807.0924410179617,0.01006281606487307,0
143.79605866435344,439.4384460263136,17.93267419438362,1101.193110691173,0.010057409198466313,0
83.83403429289697,682.6009713546937,21.30140253291443,854.3455595186774,0.01190626983640103,0
83.20556315638447,567.7925871339269,15.181205368946944,1433.0112135613203,0.018615714520472684,0
88.01214709111956,451.20885918542973,15.214245425524785,1238.1097188687193,0.024068359071117883,0
57.52208551380386,715.7308213265503,21.718939407749428,1042.514806126443,0.015778319405763703,0
89.48489956638478,439.42850769966617,19.756738242147744,1205.3972526639463,0.02613430759965622,0
84.81734676892604,574.2095372009308,20.163984977057932,1221.1800848714618,0.018630282544996598,0
103.00787572952416,529.9292580406492,16.207523326499654,887.2105023883514,0.014081228904519618,0
106.83511951554318,630.1741289398798,18.847996428971165,836.756551091607,0.0097791965544129,0
137.52341678431773,656.1511196726852,15.378834278658477,1015.6286125939295,0.005270643411261683,0
119.008476763721,503.20041490657667,24.450992055623935,1172.3272248995888,0.014376770872778638,0
88.46192688675194,424.65821296538167,25.176246673618763,1027.8120797306835,0.028287064687129614,0
82.03170657303284,545.9972142939116,10.769060688809532,684.6007035618006,0.015030263986934004,0
109.83838343013011,432.2284630247894,15.35244569903795,839.4351112098316,0.016396574016943544,0
73.59533585958715,701.3387247526623,12.517353724549604,985.2054272811243,0.011412690250810544,0
136.62917531708706,513.6535331082738,16.74988032796551,984.866879134834,0.008747360971445359,0
123.58880241442574,463.46784486878914,19.582810151048196,1394.5084353579616,0.01471384342620555,0
90.6164869579059,518.4680305864908,12.751773901507349,722.8024115202004,0.0154413343397425,0
65.73730941818245,365.2873710470303,15.390700934373434,1101.117848367175,0.04001839491588964,0
127.07744748330825,402.8385961489348,14.980213139592507,1297.8226216656578,0.014951377306908264,0
97.70920309494764,620.0413907944426,21.03633664699472,1454.2899490845593,0.013969399768792789,0
124.75632623946923,434.3105721028604,20.34672168518125,919.1205153632077,0.014178782312644573,0
68.11144682411266,395.30890173180603,16.391312233313734,1098.28589054404,0.036480388099818115,0
88.01249954092454,553.6652752527286,20.88410436069699,1113.9520714397295,0.01876092941637921,0
100.10487399436366,618.5704154662997,17.266599577063673,1039.0963463106582,0.011731021705325667,0
100.93961187529484,571.8953310665066,18.641724448369732,980.2309597521388,0.013626856168291247,0
90.99869057041512,599.6047685805817,28.367260451492683,1087.1950779000092,0.01660317920112722,0
112.45699864694997,424.3204911430539,26.70230525895174,493.55078295606296,0.016177977181361203,0
78.6475914123481,357.81893332581564,13.502093815362013,1136.4138980125263,0.03347573937855471,0
97.15241029957413,650.1333651955487,24.148662089395874,1025.2355807323934,0.012037496142869817,0
102.40591263423798,467.73201611578645,24.05698277245796,955.5050206443469,0.019648601638571704,0
110.28877668117498,474.9166983544953,14.258683556236909,1409.3724391439116,0.016209809182163765,0
114.2322975617778,632.8194141849058,24.093888218774303,865.0131962418895,0.009304063918157381,0
77.50715816324262,555.623000940066,27.689659592062764,919.3848021869939,0.02198039467184347,0
69.31771658528756,545.5887772081608,14.387275968777931,1398.3106604409468,0.023583287368626273,0
125.55353643797018,716.5002344901084,15.412485894928682,833.5877390300286,0.004940976104956297,0
106.64628023959183,435.6481769619857,25.08830733421751,889.9769434126922,0.01998156153856949,0
85.03026926886892,592.7840128081237,21.35747655412824,970.59491531383,0.016655561842729153,0
131.02303951045047,505.70131248970847,22.757381376197618,1168.1468964259097,0.01136052110617101,0
102.31349268585717,526.8592278863257,21.702946082002484,1041.5605014706628,0.016386083229283782,0
123.58594368127653,652.8468426412531,21.95347960464072,741.4749305695475,0.006907333447361718,0
101.35036962820217,550.7835756289624,13.367639358444585,893.5662873745621,0.012809532204648482,0
141.21495849763974,553.8296079049633,25.23658853310724,878.5291133575577,0.007684448793033484,0
135.10681684886407,607.2507337309802,25.84794996213887,984.5557909553909,0.007492319157321883,0
95.02071703041852,463.5047270457115,18.85304627965986,1085.1687317259657,0.021550951213394405,0
119.43141901908712,416.0790332660994,19.78261525093069,1083.6411511775943,0.016996824586509897,0
112.90751899170294,395.5190805978966,12.344462487221389,644.7976491903196,0.015034519528953749,0
127.37263115064698,303.36434106239983,22.571273780089175,1212.7881975121713,0.021301586929894947,0
80.70153078839792,705.6207129940321,22.86028720857072,1050.5137691993248,0.012368140486356259,0
113.72102919996878,389.67916342783167,19.689044915003446,1276.9064095187812,0.02095862806412422,0
121.16848973699176,477.8746376414228,25.621766799352514,1088.8396654581343,0.014840587117720648,0
64.82521027153771,472.31867001110794,18.329613845100297,1220.2645915471523,0.032485170651126306,0
76.3348297466845,530.74066978091,22.823029629468003,1093.3090622900254,0.024191349307002293,0
59.21535644479799,581.5737212539296,14.901678306539422,1269.2451512405496,0.023483107805058735,0
94.61186331110885,586.0473488359745,19.88223924562881,1104.4501272035557,0.01507704275439008,0
114.35084511591924,441.69225614310614,19.12822871048582,980.4169507114192,0.016558109056280367,0
130.04714104192055,483.28782862135887,21.12653961020471,1454.4869440893763,0.012787817460267173,0
101.4818956083955,528.2579950488299,18.152365355833208,1177.8074244559784,0.01623891841670422,0
132.57231091142583,475.13088738164527,19.34263702164166,1114.7488842008827,0.011429086204479008,0
72.39797083570217,660.7345576019993,24.13023585720753,744.7391166923328,0.014946044249775484,0
65.9323512128969,549.0974951638251,17.81617881380891,742.3384765072924,0.021749061416596188,0
98.88904602206762,573.4877786049817,11.967114496306603,1058.5430964283707,0.01257721220265879,0
107.68130897878615,566.2881268667413,28.747919521027104,1029.104239553648,0.014211941842152251,0
99.34610503811814,617.3473857485325,26.907270393452432,877.1754869983367,0.012819569566307804,0
58.65115799920247,518.1021558703707,13.538686524471906,1028.196539922412,0.02663350878171013,0
98.21759920974424,370.31680520441535,23.448539026225973,1317.725385608719,0.02981004212675899,0
73.91060998990294,539.9687951752642,17.485126147243285,1139.0804949100598,0.022739068867373678,0
113.39345097660077,434.8643106208171,21.317436076655298,771.7982980494523,0.01649297317823562,0
107.33196492193696,447.1383318250243,21.47112064506747,977.6982345714113,0.018853101971522856,0
81.2024042734529,558.6364018755094,18.82796099841839,839.0067038294878,0.01816825777196351,0
89.72266165326613,623.8283071433635,16.081171672068017,922.4600167182878,0.012716700741620592,0
78.81572956222097,502.1271576736062,16.547294738418703,917.2768668740714,0.022164922540127304,0
98.74641805453656,530.8833012598964,15.419040422593788,904.470883479199,0.014852076898513172,0
119.10284641002477,670.2214944635238,15.840888958847776,748.972925605321,0.006390778594112959,0
80.28547907328912,524.0753179488569,19.664108549753223,974.469063696362,0.02173131552865013,0
110.08093031035689,760.1683114180395,16.421200054446242,887.878472630538,0.005615471067163531,0
89.39484763255118,556.5509645631544,23.410260328563098,414.1102619995464,0.014323097714861795,0
84.14254335475312,323.92372408441827,27.436230776679636,1410.5944049003326,0.04357582974729519,0
97.85939280090885,575.3341621104532,17.099733793149785,1217.7539308433345,0.014619085987754755,0
79.29515355161251,538.1158384882777,21.197022502676884,924.7398550150008,0.021205068375644398,0
88.92701389305635,628.9752754082746,22.498425551514668,1003.7638099481197,0.014268267142836542,0
76.04244214822303,567.3181351269958,22.360011354596374,765.6691305364876,0.019365373205591802,0
139.2945026583278,486.1544016016226,20.379776339580438,1339.144575562173,0.010417081274685573,0
100.70527103943458,377.57017637106344,23.713412091798613,1379.4577389546223,0.028549552255319327,0
86.00548984014829,479.09767427139747,22.411244763403285,1031.3387456493049,0.024283871595786776,0
104.27959821468444,414.94795457907,13.811687888363512,1204.706128837069,0.020196528822157854,0
97.7534390061834,441.9476550195277,24.345780321946364,1035.0573557867847,0.023338069723694847,0
95.58060800933553,558.8578404420609,24.436454186333712,732.6549122248139,0.015269758069668689,0
112.2833340008685,666.9904504351406,16.183569479107092,917.6353262072686,0.007730188538395863,0
115.1501542009461,539.4671529822981,20.18968917723801,1026.3855933543914,0.012518007121896725,0
89.38997704778944,380.4116937964816,23.416644964055347,909.0904562513111,0.02984281847383169,0
88.4836351871064,544.4602668220141,18.953430902103193,956.2693445129928,0.0178726095488246,0
94.49896605696712,619.6631486645651,25.364890238830057,981.7200884981771,0.013931453651651035,0
53.9615767052883,439.0217095680618,31.819362473096803,983.8243004269077,0.044267071585750835,0
69.69617875602896,486.5982833327082,16.070069836825088,1010.4516980994966,0.02672817056070879,0
127.3374853488905,501.46881947291973,13.094776984231125,787.8789867206798,0.009349144031215048,0
132.89935427002567,421.510168691776,21.51909297802438,856.5967701744128,0.01267550224463522,0
95.01927920887243,564.8280433843859,23.607812525630717,743.0831468600061,0.01502716268038102,0
111.53113926111533,487.9051851392218,18.845668130776154,1195.5631099372401,0.015925929284236164,0
106.22500309087073,541.9532443907028,27.26630331660517,578.8706116319352,0.013166803025421742,0
161.57761616910477,411.25078221979,13.306971001383756,1230.718068663385,0.007254302765592461,0
122.39149822869153,456.254169967659,23.464593115158056,1277.2698794525686,0.015797883242713515,0
97.44164817038467,572.2381357827771,16.970695896205534,939.5638826034757,0.013792846558703947,0
80.88919118799149,462.7166847908233,28.59688953103648,479.3725824345403,0.023457361531735294,0
67.87107359484855,672.6963851233405,29.96257676584059,927.7378876065419,0.017044725781950126,0
104.06927271734446,460.03638143853976,16.16671706108326,987.1631677422362,0.01765177704350495,0
84.87298509431393,522.4684725751886,17.2522143204571,797.8803560142173,0.018601394339968512,0
71.55492580804652,593.259083187309,24.29793943489901,896.9563212383514,0.02019968885007846,0
87.06854231514947,358.16342670669684,18.064346751052426,1306.0390397726703,0.033586515390142124,0
78.3690399277121,323.9191188019224,19.77294391033881,1132.9854324603482,0.04092363158701804,0
133.74283270145128,347.4343685429905,20.12694210271205,815.08717712438,0.01473077647690764,0
117.63279513898901,626.2584103427182,10.401634219011719,680.4801660809136,0.006614728572177932,1
99.84054717366766,444.81418541075533,19.930811269528814,934.5965364780458,0.02060435358030538,0
129.59888277780053,755.8199285668252,16.55136112967913,957.3086441299124,0.004211009992573019,0
101.54736615295236,443.57524013426115,17.53438588800114,1099.2398374726633,0.020327055549857673,0
82.77431597343472,518.4551303197037,27.21816001734407,892.9366574864682,0.022721474085344105,0
130.46248154539313,654.2109952567876,13.717465528603718,1102.2999150723722,0.005967373788722647,0
110.77820087369318,700.6092888159124,24.066025933739887,1387.0308080120458,0.008769139917118685,0
79.25507691347087,706.1503576636399,18.605185348340957,1163.1002044888526,0.01221417588004913,0
96.19322643832784,620.8366230593142,18.601199157520828,990.3822985338455,0.012448819592232707,0
82.48763493230486,602.4062525811462,23.951859480258555,963.369905789341,0.017201288297588224,0
72.34400538071327,559.2526949201183,21.70025647284445,928.6653731640257,0.02191284247704344,0
118.52355095063282,577.8361076166638,22.853064986097657,1236.128182490429,0.011384740371350746,0
138.1883328094026,444.88142836714667,24.840923302664304,874.5373108097394,0.011268560310537816,0
72.02864852361718,418.1801116577693,18.343458084083387,1009.0445417999965,0.03286228823250807,0
111.25938473381142,499.6625542589048,16.938816327461247,1010.2395803762171,0.01427914690715981,0
86.98714861756346,482.98153774750716,14.57424736721101,899.6431614376936,0.020084953407623504,0
90.25749232470608,454.67719506727246,15.872947350105225,725.5068904231798,0.020053514153371536,1
88.15212151522262,569.6387447456715,34.745472126543625,1064.5949007235336,0.01975895975827301,0
82.72018460640368,595.5305208570511,26.22339790368393,987.7992056289233,0.018088109034890467,0
100.97043255889653,508.84068862918474,13.244628168959894,1100.048093887314,0.015565969545140444,0
83.38099767177924,647.7530081055262,13.38771021628215,893.2799387121667,0.012020409651564673,0
105.40913651559677,385.8310885866495,22.40933030859246,1244.1642597626096,0.024930349173860958,0
98.99523781101726,480.63405407202816,22.736323986889836,824.6452437576311,0.01879474814435044,0
95.2210390626718,428.3177679397195,22.744419176586824,1342.4080568035786,0.02650939871871721,0
81.84872675916804,313.346338292694,18.72522103223151,650.4726980343477,0.03359058477480536,0
88.46457338863334,491.73193141573006,19.372728699985498,1086.9540129113782,0.02198552246405296,0
115.10782451651512,487.82524916167165,21.639397620796785,1095.0861365053247,0.01526489567784932,0
110.01834375248761,651.3449743242131,20.429465031466652,840.8885864118236,0.008846044918250551,0
80.44889510402898,563.0811684554777,8.903498136262325,1084.8787875722026,0.015841326422537366,0
101.98664610858452,397.5813175670795,18.85100184712403,1255.9037339520319,0.024304864050094035,0
115.02774246743579,685.4092566334189,15.742967828698433,556.6362321291872,0.005942352642727977,0
66.61189437757257,622.1033695525352,20.87605709454256,1100.548961498163,0.019851617764123,0
110.8672038475987,558.2097703468615,34.926295013017054,501.3458359339845,0.011736784451061999,0
86.74752482108306,477.3515901150168,21.83740832737152,806.8670392953584,0.022324647108823984,0
111.41197337186318,404.056076327652,18.43235156913801,1325.8332729801891,0.020718165419065442,0
84.73481686914967,462.7793223928947,24.60900750988626,883.6435933215892,0.025433792564672382,0
63.90235798670962,608.8748619704186,22.413439436046062,765.2240071182055,0.019727030689421145,0
67.44915124233674,688.4586305934608,22.100472452259208,960.4124542030636,0.015161356822056866,0
100.96169893322764,654.324352827219,23.034252966078355,1413.5812676327105,0.012017420359090895,0
105.19445003442964,451.1150578213726,30.282717824147706,633.6635505587948,0.018506720752569383,0
81.91366749791183,388.0382566710989,14.345557823370422,789.738017672131,0.027069051488859536,0
112.77184917554747,514.0886246911203,22.368160384057273,1299.4863366359252,0.015455060321238676,0
66.7695987546208,323.15606344371486,15.368094350092308,1371.5404687075466,0.046546609814770386,0
98.67840402705367,532.3167714184782,22.77756323171124,979.3137551419433,0.016954118361567138,0
75.77967600475087,485.2397413701331,15.406567442569528,752.1894594946715,0.022449387757081864,0
86.96327784395682,453.3963498131758,17.91316593197458,1419.1687003618317,0.026324651266291844,0
100.94797342632828,340.52969327332045,18.524550428810468,1318.8884783498393,0.028913308651844025,0
82.79173269432096,551.3600106569717,24.879083596723547,1135.7893975524466,0.02144749354611966,0
92.30888911540349,446.7299160338089,24.59227221971207,837.519530212516,0.023527099086388115,0
120.1258561842888,383.00831642897117,13.771413117768077,990.1941318323926,0.016122728074721183,0
88.46216260953702,212.7737786718351,20.274670554999243,967.9279837910339,0.044408036161718636,0
116.71384224130284,497.2485094949364,16.452100726254137,1066.1702609231156,0.013243608828122352,0
77.40586290684763,677.2251596669744,13.707475446623327,1290.2002876262673,0.013086717346596671,0
110.59608355830565,666.125921454787,18.914914747878147,1175.8834082274807,0.008948062669993382,0
128.83137241315802,454.2903743413728,18.457586057720903,784.5247846030484,0.011570818242315864,0
50.56710999745421,439.77879396382195,32.13358243172761,1275.2992900039076,0.04940697313956226,0
84.06209489059046,546.8774256075023,22.16479912680348,1062.626428002631,0.020348020994147363,0
111.5414425436108,400.16145608117085,13.111912496228815,1137.4131591717833,0.018186534008546605,0
95.93909227914014,530.1791899819466,17.176129979145287,1293.3081718557205,0.017693383357621932,0
107.42291746742617,576.6080278384691,25.106916477146992,777.6839500972898,0.012307268232700343,0
87.92029626568359,622.6933223884307,30.442213864349625,992.8348842587075,0.015871808746554573,0
101.731795749458,489.9845923520047,12.070083438810208,893.709089728157,0.014956510124945031,0
96.88645529215842,479.6326249823034,10.600378074304775,686.4281149269088,0.014845902390061885,0
123.35564123319614,412.2017413243439,29.35482587685891,1069.341995520984,0.017735500548722208,0
105.08841686602426,417.311964596014,21.94807088685452,1502.3113103168848,0.023882642172093762,0
106.75205324150404,477.3521108098473,15.658536340618168,631.9844510988494,0.013994120755601629,0
91.76246067755065,536.7365506816178,22.673145430612177,993.543877790106,0.018583817480763803,0
90.24787551855013,591.358462623325,6.821261304915611,1128.1085870149548,0.011978554537541626,0
91.34883624360758,419.6821049319655,20.016877532985806,1024.6156403312361,0.02581908166414181,0
107.88904284756593,649.2688568959522,21.639105864215427,977.3743894968519,0.009792743708876336,0
91.58031038359474,472.8876398957431,24.62135069768915,740.1567273108351,0.02125082765286914,0
105.79549713792827,497.86327056515637,14.930520238537312,1046.5573485880327,0.015246872709472057,0
141.50801597290877,425.2788320852177,20.428435807016797,848.6472045968147,0.010527957294261406,0
117.42249406863385,257.5759739727058,15.372876869702063,562.0156590042893,0.020233040049243946,0
93.47952935664318,588.404539636105,21.276918778371584,1238.9184441027462,0.015992293863788296,0
124.02427844327889,573.6843897092433,15.52326838818488,1191.6771639684084,0.009312716387936518,0
91.83849253956897,471.86724428817865,17.959495804198898,1010.3321953702159,0.02128919774964003,0
59.23750929644292,506.6990717224872,15.020923026048855,1045.8149376411404,0.028366764290566008,0
79.83827378165192,551.5939217704099,23.255681209118286,1214.8636025431124,0.022326678196374815,0
62.58416157948289,343.7454143113457,24.29225558328333,1044.8679313556165,0.049413718542401654,0
92.96973031917383,447.0947322653705,18.826897150212933,1180.803510952263,0.023833443177803924,0
100.36836758379103,579.4264679621828,20.191189974800142,940.50355982523,0.013559440036147894,0
133.52874624550566,374.5710576830751,12.75704292683228,1262.3967477147894,0.013649255887010643,0
106.53854747528325,529.355793216663,18.501616759966065,1064.1571451865368,0.014627943922143454,0
95.61798942382272,364.3418195376595,19.748976914791275,1038.8103887211748,0.02816948293254757,0
116.58811162366979,546.6429982433526,33.103965455149876,745.9877822575936,0.012269305127473143,0
55.7772938198423,496.43585177025165,14.440164871129182,1057.3911708603418,0.030253337523377725,0
104.71229116217131,338.48681840944903,27.32088619376219,833.6090165011097,0.02680732083095688,0
115.41730387773933,616.4739354457172,24.98429386732904,872.3434546943012,0.00977022015427828,0
70.42827508440317,426.5408423201951,21.403182022450682,836.9248743367758,0.032442194426351094,0
122.87508086413858,418.9747562985619,28.793102420975668,786.753013620155,0.015981825851841956,0
106.76992814988829,520.0569197230943,21.860527363034315,1424.9542806033924,0.016962669541671627,0
91.69424172198397,614.8637349428715,21.945795978339643,1266.2678123976807,0.01522674270564434,0
112.6556373221257,398.4178181021603,19.734396734912274,1384.0735004288522,0.021248798901938794,0
145.41385715608791,506.16798498479716,26.117844412093138,755.4209960888873,0.007959315795427493,0
103.6373251011699,542.8816500330573,25.482346169054416,1014.2507499821785,0.015806765385760764,0
104.96441172600672,569.3105607263144,16.871613562518938,741.2984749591808,0.011553507595092358,0
90.81278200919512,517.6441555277225,13.403764027006163,860.8610245605872,0.01648003320321017,0
83.00311261070416,463.2972160916678,18.985096813021716,816.374603316685,0.023649145815226914,0
116.60671633088491,417.24097793512806,15.999807178011768,1247.9168012883124,0.017334571089379476,0
82.87832348182266,508.6143883046375,19.682377126923225,920.7540643796481,0.02164353209690043,0
101.43132474438785,392.7860988014393,26.187190673420695,1213.6758667388033,0.026931478618580158,0
90.44685106469767,207.86495165053924,17.71349172456605,1120.8241779177035,0.043715923221565055,0
109.57959651492784,543.6559804157667,19.785883093442127,1460.7277504209578,0.014717895305837184,0
106.67324210573896,590.3934841086195,20.290113674041976,704.1111553720552,0.010905500687031994,0
120.75079888515799,263.70675644581615,24.242154411026423,1251.84664795736,0.026963467305892663,0
89.79967202290506,399.0269295290062,8.765553330076974,1229.2881740801456,0.023374627773526113,0
94.60250129413258,561.9154261005198,16.966498526173517,805.3242323945931,0.014223596120088071,0
80.42472568435386,705.7495469711698,21.056418461397364,1201.426667294632,0.012583586525782607,0
91.11413479847776,502.0793707675408,26.000394782134308,1067.2289926052458,0.022102421912203393,0
107.54600986089704,427.19970587708656,17.540487762468974,954.5047480093184,0.0186291973188326,0
115.13977233290704,481.710355889516,10.61723646979063,835.2129026056001,0.011727632443575569,0
81.5566935164475,637.4876419148185,23.098557229830682,856.1781097101629,0.014774619083890342,0
117.3921184021132,435.40358208754645,16.823188055871853,1409.9624191571852,0.01699199165568627,0
127.11275717609902,420.08079933497464,14.051666704548193,1000.1365637914965,0.013031214934515962,0
108.26869806447402,451.72564778179674,16.87827305143388,1156.4260003062918,0.017920385781191626,0
137.53591625116132,404.66713917412875,19.07737321172075,841.8201236664894,0.011736783143484884,0
84.52421601792854,512.2670315994795,16.976276677308938,844.0294107556722,0.019523593061913428,0
75.10690593377166,662.467845846956,8.972169714504654,1216.3969618499884,0.01252706913431422,0
64.42559502191443,532.307927311603,24.485330984435663,730.0847576896936,0.02544321112593881,0
129.92088622978366,474.76464978737124,26.374375206393612,916.9572464189457,0.01233864761583236,0
113.08731312708116,470.8188731084456,23.25760995669753,1006.8054822144464,0.016534474226037175,0
98.8883065817909,343.6809191303343,14.311571647875917,1022.2745203680105,0.025631418389673033,0
105.59937252639641,588.3109777147159,18.99254233026241,964.1813429967688,0.012014017209254942,0
77.49021905403247,492.2162802987198,19.96739342385271,1079.1639562191847,0.02574543392119407,0
148.91503959233654,481.95200864093744,22.993971947809552,1138.5711511635623,0.00872588494342059,0
102.58442363950455,819.3107567844861,23.341702443590403,1146.9275090918659,0.0059309122732461635,0
102.18789589209786,529.8752908365686,16.32913100610752,802.8392382664347,0.01388036961975257,0
114.51533247797384,424.8208949904816,20.409977782067802,943.1689804142405,0.017453292114345365,0
109.62018463473427,457.3642403794457,22.286402023076207,1238.9525723753875,0.019034732762164223,0
104.47768048558262,614.8445709196754,27.279111610733832,1178.9294375147745,0.013036763012794175,0
84.19051089109377,511.32704105377644,23.522532699123616,725.4281097037872,0.020653210919396495,0
109.42936714271991,356.1722021682633,23.945283436877595,1070.2959800704402,0.024732242093720824,0
137.6404899295007,591.9228934575203,20.419133139646803,604.3549501250379,0.006138145792325721,0
126.90840092309955,433.1855914461006,27.05229572601752,1009.386980412074,0.015186085598776536,0
131.86373253278794,687.3297776217546,22.048813979797487,1379.5534033491954,0.006278559305680993,0
89.7756864713763,608.0048065714649,15.694560449132148,810.4214565462028,0.012821961635665511,0
80.20790359482838,455.2678104341249,27.016849850625952,833.1353909016836,0.027844612660123818,1
97.48426159800704,628.1016361735112,23.489516362695138,1152.8059563145719,0.013270970522975007,0
101.11449824577389,506.78555105274035,17.784779894357587,691.4396969580708,0.01488537238427719,0
121.88383036941897,585.277367512222,17.602535163003783,873.4489940229922,0.008833293524288608,0
66.15070740570361,548.4732817294475,21.48287772570381,1119.2882275163506,0.025837181933968743,0
130.59100638921228,415.36433450091266,22.315923976337924,873.1428304621194,0.013650318113734933,0
96.83984202842021,435.6450167682538,20.986461328156032,952.8060025578056,0.02258894533741178,0
91.4623786010516,602.9960817581161,21.556543367214424,1148.837142063007,0.01543035102651804,0
79.75791249479664,466.5224667893459,28.499786872881902,1084.3092167073123,0.029621803274611374,0
66.90286656268461,459.6351536758003,25.35771576117443,1053.3636792590803,0.03453299836655162,0
116.46341167923829,404.4877420650647,20.95317795632512,932.1755441459923,0.01795665061400381,0
101.46635934376808,542.3599065593461,24.706552903837416,1074.012223053791,0.01651085801466926,0
74.20078200517892,706.2524919243144,14.837380482362303,975.2534639800487,0.011636848293172726,0
74.09842455872769,393.2467085745727,21.989635249734043,1091.561121985157,0.036890005601080564,1
93.28430601419744,502.4219456672758,29.04653174866555,900.6135949764043,0.020898981466332005,0
133.38043050578784,641.2220555415429,18.90977052303813,963.4862051240917,0.006269428883150166,0
94.8081729727279,492.0358608754285,15.761830356904575,802.0084414895972,0.017256541929091724,0
69.93714093763788,545.2371796249734,16.7395555570347,992.9984779987528,0.022370644346853392,0
95.08513871828112,393.760647185312,14.551834813288059,837.799827274231,0.022546124189962675,0
94.54552860504658,542.8307097207648,16.076190459361484,777.1907099676014,0.014744494508798394,0
46.06226714116857,481.28557349954514,18.147459507049856,1051.7322295710776,0.03780070420618428,0
98.91410266964375,598.5729995679862,12.97216490410679,1042.547955171532,0.01177749007993858,0
95.38130939582643,618.7386051564752,20.078091669748016,1156.5747469897144,0.013552552397226995,0
113.92412729626837,758.9563642018613,24.511385868933235,913.7748860849802,0.005989762182411113,0
136.9791218989069,557.9633173213575,15.4612190992654,1081.6105693673512,0.007577683354904444,0
122.53130059095514,532.5796316582166,27.596419618208845,1110.1595144547327,0.012549196903127492,0
94.62222618890338,519.4384301577336,22.553960442637973,1088.954761566319,0.019281208638817608,0
77.86948182516659,464.68337071893114,25.152902928120287,834.8692634395716,0.027493578169999536,0
151.4671960649972,533.8483843461692,16.710827230739316,1029.8726964542377,0.006281195305218656,0
101.18436868028977,470.45985898609706,24.272626135333077,1072.8280592109322,0.020578541349493794,0
100.27858583825892,516.8460976269614,14.540330498023435,1001.4356933815884,0.015351557865560113,0
99.51749825779993,631.759753560796,24.451237504182544,582.7044683257831,0.010559930308123964,0
103.9616952153571,399.3457434720359,20.859196698967658,1032.097924794696,0.022900805859219917,0
97.11279176152115,613.9878561129045,22.76625609992392,1442.5062078794485,0.014684457070383638,0
88.52675986239527,631.7115067339865,14.12202697187574,927.9921462486035,0.012141236755061973,0
89.06282117519216,488.1931473008921,15.524650788616977,854.3845804289358,0.019257548358058183,0
99.34493459568003,287.81451009914053,22.986141091266923,1074.6697119422797,0.033998815870899944,0
89.1315045773247,439.21780129055674,15.258259978878996,1062.4756420933143,0.023542021287893646,0
85.74308434645671,629.6994546561109,22.316031460495616,1238.547033083283,0.015741584024142583,0
102.12860455383793,497.7131937701118,13.164310967698771,748.4263688182225,0.014122741843633874,0
94.90045565158289,400.06977677050895,24.24087106333334,1146.2760505149986,0.028143296314092923,0
130.0798597716538,449.52250787717827,13.837383426157455,1118.0844122502926,0.011686607764203705,0
46.980603832139764,584.0620026504553,22.761499688397617,971.5706926118908,0.02820776693285025,0
121.83013703844924,554.6733568201379,23.128154668230003,1067.737463584338,0.011197530837277269,0
124.92170384995258,476.10679008303055,16.516140907852126,1205.8914963196714,0.012714469869994657,0
58.53219535183701,463.31755881853127,22.910132835423635,1174.46307600569,0.03801194248167674,1
93.14624811839303,460.8241850956178,21.30221131666778,771.3961375852543,0.02094397083209663,0
92.57118268008418,407.75898155014977,17.30579071903631,1164.0316373510968,0.026032541202535082,0
71.84976610564357,661.5375689469442,14.95722657961896,987.0622789934963,0.014214694640982718,0
84.4436662481825,467.767953078866,10.186871541637105,1014.574819603103,0.020433925013916703,1
77.78848309068343,621.7158520825496,21.748250236498468,1014.6393982003389,0.016980877055240907,1
135.04540886847246,652.1316051922452,12.175986143189725,969.951402240348,0.00516298513236109,0
118.71356786294922,599.8310898147961,20.47672099720654,1238.341499421413,0.010231481243251008,0
125.43110189988317,456.83796872819516,18.682758919588753,983.2564080301576,0.01306840473098256,0
114.4334412808647,540.373009033661,23.39571387719098,776.0907743233663,0.012126682139313031,0
77.41896457565542,497.5804393609084,18.48977250255068,921.2940288060543,0.02369300618931151,0
89.50959467440452,409.6298139269872,18.35276106826454,1035.7389433620951,0.02667101379298999,0
109.78749122455837,532.4359281721603,23.659353521441478,1245.8429568594102,0.015385382739326225,0
75.55744382216109,382.09602088401977,21.675290145420586,1120.6189369897668,0.03740856252241235,0
114.25996860344776,618.7679388461563,21.58077978591389,829.8929442505912,0.009360312261375396,0
95.1934920368373,453.5382702701607,22.34633794904263,1497.0379833357783,0.025162024425815895,0
92.50358384900805,520.1159655872839,12.32213938396447,1052.955062195596,0.016519386542179704,0
114.21919936406982,528.3287871546142,23.78394339993491,1255.078147599803,0.014552161804733446,0
108.8852662297208,474.10950262959227,23.06234397006801,969.6571132845542,0.017294577680476212,0
92.7806766836184,558.6693801475275,14.916584357117515,1106.6718489410898,0.015587832654996345,0
123.18659606728497,452.50963433774757,18.779597631628995,1167.8937009036808,0.014456261221295898,0
78.37873344800205,587.1297297457244,19.803463561861843,1243.6389423508513,0.01949892228435473,0
112.31871213888527,365.40203197532514,19.327516077991337,1211.473661075645,0.02244969602705438,0
111.86202515936768,512.6379579546411,21.669299832842672,1174.4394000145955,0.015216187844395544,0
93.80907121372019,693.8928999058285,27.156833909155917,936.9826537611783,0.010836993897563102,0
106.52266044484236,399.96686753944255,25.408833638364143,885.6507916087877,0.0221559121655146,0
74.97772847229393,432.2255029475149,13.438904032842968,1066.5215020648395,0.028185709763043205,0
118.48054038413802,551.3907849658915,23.110349951530242,1186.6256144682138,0.012323732241754681,0
96.30195727114022,517.9581781939598,26.64466659767705,955.4558598446786,0.019001027337181974,0
89.54553958961921,535.0630099273559,21.934042603446013,1213.0343931428774,0.02020304481509733,0
120.98018451673778,548.9187130147664,25.454902125929834,1290.523349097236,0.012480375789878224,0
85.91312618914482,563.472146856177,30.061352228503825,816.735816185316,0.018762585535418916,0
71.83077407272881,610.9699841956224,25.118547730534907,832.615859240744,0.018705704456688944,0
68.86741652952193,540.9818656928512,21.246542978208645,971.9249882189328,0.024486339268117895,0
112.12019902691279,475.87423453814574,25.225442370423767,1061.5225336378394,0.017158301825573073,0
74.39141295007434,567.2573701202731,20.724439165484455,895.0865972465898,0.02029376833566149,0
135.0958836396873,689.9881934895216,20.119515216424777,1270.440535773429,0.005603602324119453,0
58.36141184232556,486.73662536174265,18.242928821431338,1084.8133723036904,0.03258552283269383,0
133.92912736580075,402.54706953293584,27.81706679416054,1007.8894096481479,0.014693740365035186,0
104.22034934405237,610.7080669286972,15.907856670289993,712.8180952262944,0.009890281755070934,0
98.06573776259215,487.96188360464015,27.66183862339058,736.8368367144985,0.018961237196082795,0
89.10161826382101,282.73304539859635,22.49932061870186,1056.2018500563613,0.03961683418589493,0
107.98272228704141,584.7421677150421,13.003469125990293,573.4808747690328,0.009027686900540437,0
99.24730595150304,446.46718140460774,21.83824646495711,1202.5274819288143,0.02279073294541382,0
122.06603764033042,490.94667176958393,9.49986746174188,968.369231125536,0.010309657618702046,0
102.28455297324079,533.1980330569014,23.12754008415518,1648.6185939189468,0.018258324337018045,1
103.00603522923755,519.0499679779066,24.426157414944953,1461.5832501232221,0.01870006568583722,0
92.72775575572288,570.9451817139039,17.03822022173973,963.7101861504966,0.014984152976065894,0
98.86108752557865,456.4513629430157,20.617738479777913,978.732599493737,0.02069392202297716,0
106.15603537784118,551.3105798176083,29.770787168751433,1199.116302800406,0.016060510929300973,0
65.7966321468675,474.04533224160826,17.471266478690318,1340.6345219836076,0.032230805531507874,0
73.03629155788573,573.8810480887503,14.705462064716997,672.3941885127966,0.016822560852156263,0
114.8652818804543,561.5367484013053,27.408317012312992,642.7249069290626,0.011086930779532924,0
103.41730876255883,406.45612979554045,29.812935952653973,875.5930388891237,0.023632645030731703,0
96.32033327294641,608.5982116175032,20.018478359239236,1116.5475166347728,0.013691746420549865,0
100.36867866130787,446.4036554885952,25.05731517704178,1099.3747181015194,0.022690870564502575,0
106.95163410723342,580.8057798281145,26.707379577654407,1213.95429099677,0.014100913980977549,0
89.20480639381277,536.7287313401341,16.28757883730808,760.0604943269384,0.016209191498987554,0
84.43390549195375,683.8183676795122,17.57347082316066,536.7712274062246,0.009744746593061397,0
103.91690510195363,477.6534017628148,26.154372565773674,1171.602839060429,0.02016126591849935,0
80.43254444769936,465.06832038818027,28.425071393542545,834.3607454069531,0.0273049672848411,0
108.16505511428943,498.05803941122673,22.814404300871775,596.3024271222724,0.014102529466801482,0
65.9483279152432,469.6820217165725,15.600928232489728,1029.0127491918763,0.02938195800750519,0
120.58311274651288,579.994190194205,29.935305558497205,1158.6351376437356,0.011463216024616385,0
109.45194964826086,338.3689391563412,17.345145510940178,975.5885735757446,0.023003284438678828,1
105.12059468627751,394.6317580853646,18.32431109414274,908.4303227635021,0.02114728664780048,0
119.65381967891028,393.2197078420807,21.711689172448107,968.1275535708187,0.017929008503306997,0
133.30948888925153,595.0307591973576,27.77080210357387,925.8834475198435,0.008060096763013334,0
120.2874013003626,671.0613372581926,24.269879882761117,730.3905776119666,0.007002318004439421,0
63.182515373367096,489.55507814625287,22.074327501809552,857.0638646019137,0.030054632718243796,0
74.40846066528597,483.1178276809989,22.31644265059053,1104.2559810027628,0.028633991521231174,0
87.50362844608642,507.0052163113181,20.21757334321733,1064.3357082753,0.021412749462095253,0
100.52182100421668,616.187830260819,22.79069757259253,1033.611961193364,0.012706203154187072,0
110.35318040938246,407.26468658094257,7.352199611528485,800.9703036293241,0.01421135402241637,0
85.48512373693069,523.8368982734785,18.516962704651007,963.6993675728665,0.019816766350111033,0
103.73533528954157,597.519762978243,21.206609674583905,564.586990711429,0.010613871876478848,0
84.89234135293356,550.1094169939845,14.244929581902465,1035.695332777078,0.017381901863076067,0
87.76964394016103,518.9581616598743,21.9316165890578,1285.7715415627135,0.02212445404550272,0
71.86677806303555,600.1046092567141,18.97764389506939,705.1735735915788,0.017101199882329485,0
81.53533507778192,229.6767707000763,28.77737849157745,882.814465336449,0.050276789855207685,0
72.96630788767332,567.7875319530908,27.865098626074282,1065.8213557420258,0.023454232214687894,0
80.48253494045335,434.5924316872576,17.670972154409185,1250.5685268854968,0.029388459468450232,0
121.07283593215679,316.9367103143543,19.245811442166524,910.3550767399702,0.02025033014337277,0
81.01202222336114,551.120259952498,19.630262171958037,861.5499341468208,0.01903883823431335,0
152.64764129674782,637.3658545162957,17.741702619201888,606.2153715167833,0.0037968749483715983,0
109.86635801761778,486.2551485372308,20.975124920140633,1020.6876258616213,0.01623053982710708,0
103.69672247389748,595.2874547202939,16.20858965556205,1408.4152080287488,0.012760448978625554,0
82.83284439637573,661.2278257988646,14.346923325312368,1055.4716923929352,0.012360176880220194,1
114.00619758817983,631.4914453584047,23.113556119501343,995.5442041632573,0.009667310847586241,0
88.48724347524453,663.9964529371393,23.147647921109055,1064.416462153397,0.013003093549135909,0
102.44019629290723,574.2127491071892,15.978421201700037,997.7815992102796,0.012694141964038315,0
151.2016907653759,507.5433638901593,24.476777153812996,837.397125547974,0.0071893573124537586,0
98.078802005507,339.8034188102831,16.842111354173344,1164.655983135541,0.02850003316259349,0
122.98546652571352,475.39375118700514,21.265826190189905,1045.1523046223508,0.013632199375327272,0
85.93647149748224,415.6753404683808,24.10172006306228,1003.5226503867315,0.029529128505259666,0
99.30023019006076,717.0942717497813,19.831937176481436,804.9267945443501,0.008050545713558229,0
135.4160127127102,482.41141875676635,22.27370456070567,1260.701586386952,0.011425102873808705,0
87.46065884424465,512.3204806784486,17.417851780562142,1132.940549066622,0.02053474578268583,0
136.24897115993858,555.1485376040467,19.017667082859514,889.4158325265396,0.007783743131138593,0
114.1550387091095,504.3602446372454,18.970702845598296,1200.3649707363875,0.014558892839573269,0
88.75066448211464,669.5051040430753,16.267108267298806,900.4858323229586,0.010935387785112112,0
112.64815478111042,437.7350638265548,19.11612918442109,843.5993014977926,0.016474884697014445,0
119.4510889925346,519.4607455237243,12.256908505681267,848.0593765039425,0.010157408962259567,0
112.43619924434392,425.75294143019516,17.544231264289476,645.7862893823817,0.015433413713504283,0
68.59550560219087,367.99774887792944,18.575622533151645,1094.3084760836412,0.040426815045234946,0
85.45725648350263,438.8230909094715,18.7191012375231,633.77102433233,0.022702595312134057,0
95.0496272889699,496.2963202951588,18.792512770646105,754.3112337468475,0.017555816078870207,0
98.51133141799907,457.06977754827403,19.691179000699357,584.8823981842934,0.017664320895834806,0
112.41344195101357,430.7579020126144,22.39720759043032,982.7860614418214,0.01845151602111023,0
103.55402001866507,359.3682536328166,24.372585370662613,969.9359079456256,0.026284020103009682,0
73.29311282579798,491.68944273713055,16.751173865758666,934.6607573627272,0.024857881884318703,0
107.60395702011927,349.5279625968998,13.983995723054278,791.4844610658847,0.02033038090919665,0
112.21171490567646,576.0055963689603,14.789777938784486,765.553249312672,0.00977862890871617,0
111.1958089586208,508.2439752934503,17.563985394025366,1092.8739727093148,0.014388635942325631,0
121.61561451109243,354.244850053507,18.240393410917456,889.8896136583024,0.0178492042202199,0
116.67844309097808,469.07909229501365,16.150019669012714,1063.271664307229,0.014329092330068712,0
109.18360158456873,424.78435944094167,13.519416678750527,822.9502627751555,0.016214176697341567,0
98.59668577082707,531.9174510419181,17.71939586262906,1036.2125485542165,0.01607769583900328,0
66.78078132968017,634.0450446023144,20.907133100569858,1260.6556074632126,0.01971377790382983,0
108.59236438265171,312.4827530354255,22.975147329177823,1117.2331600785567,0.0280233964427517,0
104.15375374326223,511.5026079147417,17.212884734458395,917.517236356704,0.015060062770662859,0
105.43157674390747,483.98672044333597,17.93501088928283,1051.4397940711856,0.016898147559128093,0
74.46502848359381,567.1340076450466,15.366508455763446,951.8669650939574,0.01892296965614143,0
78.37886919183475,521.3196628237689,19.842804148126117,1001.5760369389457,0.022733982813481827,0
121.06305706665808,424.8030668261181,15.757856829045927,934.8777895702992,0.014469953360853263,0
99.2088969228669,468.0946064333382,22.865639066206,967.1329588229218,0.02040615601680464,0
113.63001394745248,420.3974143196511,11.070667540329444,1042.418670614835,0.015483674310390038,0
100.56636752260923,607.6007138598599,18.20185163773769,801.3282600836098,0.011386034705671438,0
100.59512278991491,502.13116486719423,21.50553669595871,796.8242346020044,0.016755690941806924,0
118.76567611951995,690.1190685753007,20.91917258161252,722.2914892337578,0.006414674836008434,0
89.67910543565252,493.9339186185379,33.46516831990248,679.9457790992581,0.021405702523759118,0
101.92241553881966,429.15932330895373,21.749000122839536,756.5434615559041,0.020103700249359317,0
90.75449422589915,348.6285607387173,14.979727015789948,1031.892501360826,0.029013010141297365,0
91.31007545135368,319.6860323744055,19.522678764554634,821.4424969016231,0.03131567781857167,0
93.81655753062721,341.586405699451,11.118768332667742,1102.7228928462193,0.026463890193591817,0
104.44267543267426,526.7126651011483,19.597001253516197,1006.9427497505123,0.015258639523792548,0
90.42502756673045,550.8725023229933,15.834719714996208,606.2991573123893,0.014153351803546368,0
125.11512251147042,341.88092979678663,24.57695137780081,1130.9951168443379,0.020203084345039864,0
82.10785395560993,589.5038314076115,17.252298627022327,1162.159729118342,0.017344437437343742,0
96.26256711677281,451.69389483165605,19.416170421023768,801.2274650330294,0.020223599620941505,0
91.2053788345165,514.679301198555,16.822210792977984,1084.0383085789983,0.01888657624885734,1
128.93955768707465,661.2220628255425,28.694256759266658,828.7003525181602,0.0067526156370551664,0
103.93109553023149,589.6839315865532,18.39378616941044,1019.5340753496671,0.012358047607443697,0
120.6368907893727,473.14693520941677,29.162785217396006,747.1003186090069,0.01403041728431611,0
70.28879253926056,410.88077745847124,24.070758810591332,641.3787094930847,0.032454054613790854,0
105.34100531738518,284.8184598670695,22.41033363667693,923.4365620774063,0.029677762177724012,0
117.79261591246873,428.084668075758,21.8436657365876,975.2542107450328,0.016859959299411455,0
101.64567978550848,478.8869761172306,21.968986491081257,920.4640612770792,0.018563193323958768,0
121.30960750130703,401.2820472848816,10.36163710327195,763.1938883554881,0.012887888100811321,0
89.65423099799256,486.87430329076955,18.60558302924622,920.0201875737725,0.020662246381981695,0
128.1869488037116,507.6851882958768,24.225789855921608,1053.8589505161467,0.011733779398071456,0
145.977962472385,477.51440181919213,19.75551408262947,991.0213939754926,0.008621054590420956,0
92.74322879120682,434.99974191765403,12.974050765982124,1036.5002061198427,0.021425171697269006,0
91.08994957198456,516.8654671966727,19.73797774711265,865.9769599091534,0.018453237487024658,0
129.067689542354,544.1940649569409,28.520527581277456,1234.343582943232,0.011192132289713573,0
131.59144291461425,390.9600922557154,26.234458577673596,764.7653326890438,0.014385447559052737,0
89.54279945693463,641.0932379746271,19.689979953169843,1097.5120594173436,0.013389669107612353,0
91.59626365808285,490.1411867715738,24.757246385290433,1236.3782185919922,0.023391072833824664,0
94.36430782278985,501.88496229448475,18.16746489815974,1096.1816185497792,0.01924365206559644,0
73.11098977931445,570.8214423256557,11.480642065866405,959.495154587034,0.017562825249640462,0
81.62696107031604,523.3216131263501,15.377670059352228,894.3405906674042,0.01940508740683258,0
79.91718466495864,595.3136633913246,27.81444384254099,1207.2175302092512,0.020170116210923485,0
84.64404869791743,528.7124165201824,18.63003459085348,715.4050149476654,0.018129943314379338,0
99.30630225226437,438.75626253595624,18.78308010312491,805.9751479240713,0.019891176689878533,0
104.68429465073041,536.1503525206101,18.500809018625596,920.4884469016557,0.014137496630273064,0
131.01000985628153,385.6273792679338,29.520682947865033,1247.5307515023997,0.017412100358261445,0
80.03291918522419,510.85597057765233,28.129794576810315,1075.9535272081791,0.025687916419053772,0
119.68644796953167,496.6770009355539,31.09390116724067,806.3908482979509,0.013767393703728236,0
95.72022311548982,479.188314272746,19.204773947999744,937.9384589230193,0.01963333266742248,0
99.01072580695134,487.1462488561069,21.478122443735476,877.1353711807411,0.018471662127130802,0
113.49638984333208,311.8150954502361,12.416787252896045,858.042201553293,0.020133526222792783,0
77.54555956875403,445.12750922590385,27.384672130591373,1195.777911711356,0.03305844543581355,0
107.64819492368102,509.28449011411146,14.161102243660325,725.6513741472988,0.012653440463678192,0
103.32904416426112,515.98563919974,21.083877818813146,1321.7561711468747,0.01763473762222795,1
109.84902528016298,397.23248590740417,14.513487361835779,1165.6459380369245,0.019526185443586107,0
105.78337287815636,626.5707840864701,17.05566586630652,1218.1723341207396,0.010875930991002394,0
149.1060027982179,413.3825151785499,15.813687844751499,907.4120975949484,0.008916072699321397,0
87.24520031497369,596.9457200526737,16.96062369662091,970.0118561841781,0.014885814292152905,0
89.38006089996365,542.7194361871685,17.304386484255108,713.3696370950577,0.015853470926444003,0
87.53718947150472,435.3772690156197,17.258656025374613,895.0675185866394,0.024029161466100474,0
88.8904576167949,677.5310892609511,24.166669558901535,1098.73096952863,0.012564345231533996,0
87.25225745386965,380.636316824352,14.4756860346874,1259.2126123562794,0.029314060246318156,0
123.78033062215104,591.9154173610002,21.102707135069334,778.5686366395097,0.00852168166776432,0
128.4100849597971,600.0582318042979,26.089795761527792,926.8988126029468,0.008520971351119058,0
88.58507412501048,432.9379790923355,17.43401817743302,969.7401559534956,0.02447339164553305,0
83.35288853791542,639.2465300064329,16.41040554626199,720.842159561503,0.012344855569470669,0
109.42831112772808,474.9953485401047,18.847376874098746,1118.2698483516801,0.01681738011035774,0
88.95553911438057,528.8693629279857,25.898626041803553,855.2019336514782,0.019662091209567887,0
112.65863635511022,526.0321838771221,20.97053815476679,960.9219297645952,0.013493330216838668,0
104.058460417026,486.5691258529452,17.343928526962006,909.6101256176245,0.016268085379703638,0
69.68511770005536,581.0808273159782,22.419383255940197,842.1322988560651,0.020704390700661622,1
130.95010402660122,579.3488720552212,14.488539250817883,998.591002903889,0.007555825739253953,0
135.91755346191044,325.1468026761819,23.40679755221474,956.8780842863955,0.01638348197944412,0
87.74422619031228,630.4340242878152,22.043036538508836,925.6284235442669,0.014023956731307442,0
92.24596880128031,333.7508011964326,18.46095764430558,854.3076756639314,0.029678502286996863,0
105.7173078144981,603.2546204341658,15.807071007763845,1063.904934156591,0.011114464394682408,0
106.6891357997405,612.6705136827584,15.566595388582714,1330.723453698457,0.011194435436415576,0
113.1708854534566,390.9033569784802,22.674086681729552,1027.9774465678254,0.020685303549918987,0
140.204090775327,458.91857120454154,26.14490251244531,1199.2236429822258,0.011546574322182227,0
96.461055450119,389.4295331514064,16.813461264856027,721.9556149693075,0.02232093459586891,0
84.03405510923092,478.50789697112646,22.29193351775742,1031.552287858754,0.024975388249838866,0
72.41361543970946,469.19657158142587,9.564864906989657,780.5263362057867,0.02183207100017163,0
85.38139920116161,577.966053226934,17.076911346714002,704.6150144936197,0.014857713679873224,0
99.33746054252406,631.0308746119608,19.84470533564549,852.1257185081927,0.011176280012170553,0
135.89115727035576,639.5683810789956,15.451582915090832,1238.3798668827146,0.0060872448965981745,0
89.64777401927657,443.7831973421698,15.31746812605202,1190.003165733929,0.023818093826116656,0
104.47575903277797,479.0778126255472,16.661102217655568,1048.60094441088,0.017020199014619364,0
99.67154207854496,331.656180777905,21.460963641631867,693.4598880220138,0.026236799488281722,0
123.76786546896167,419.41299335038116,19.063354907968126,960.7438697224127,0.01495243170487545,0
150.53864851747244,596.4851633097458,8.808843833375139,1060.3400017803472,0.004413755839640548,0
89.38262454159359,661.5582823548232,9.396499236824669,1035.1072459157197,0.009979112114727533,0
90.21121114963556,376.5651128120078,16.965674110714122,631.2412833038509,0.024442641543692127,0
120.88321754138144,440.7535740847106,22.28843293026776,821.9364303960256,0.014767037724810129,0
113.63782979252623,497.3594243041073,6.262475786373827,987.1844471702567,0.01068066431663872,0
136.93414651472068,528.0161158819607,17.501349119241848,1107.258181903438,0.008710270428969342,0
111.67856370651927,419.03964800783535,17.368760717412894,560.7744357800107,0.015268527341082926,0
92.81415818425882,542.406104446409,26.94168889104224,967.5752049040283,0.018644308576027484,0
111.81309661384618,452.6160652929084,18.074890941435683,1028.6097539757905,0.016676632290195205,0
122.17407161165815,498.5547729121721,21.914944923704642,1169.9223977032425,0.0134123798929032,0
116.40964362394729,554.62842480037,20.706285700437316,1138.5715168474874,0.012109472837760588,0
110.14548062214595,500.64222698109376,9.347167600963997,1116.514263761761,0.012646198677894184,0
121.33349379178307,456.36141094734313,23.841036083158688,840.0118986596132,0.014357955764532927,0
123.38591180891345,489.0390196074169,21.07698252728144,618.3995725753384,0.01113577241730435,0
127.64317982075055,491.16370407946647,22.54134319837295,921.3894485877198,0.011755518891041346,0
112.97419775179286,462.9988970117872,39.63118853218163,1200.326365041712,0.01979655420708569,0
96.65763839366291,474.12039373328975,9.579435302507058,1278.6909055048864,0.01760924253455672,0
102.93427372866645,659.8647170504717,28.62348324880554,1142.109820459557,0.011435399219930007,0
124.13017933016714,556.0919447941238,18.56276240299822,1085.868164560347,0.010116462458092192,0
83.66128658025528,470.45196819708394,21.436644522015047,1075.927929677193,0.025739763023258137,0
107.37346617745803,569.6954404510735,19.77243877349379,888.7762506478439,0.012274198612662055,0
92.13322375345278,466.618051024399,17.878818333009782,973.987941289276,0.02127448210795754,0
100.57489645869634,617.3124637586641,17.150835358806205,1333.813905165266,0.012473782208591414,0
125.56903725214598,536.9642192198094,21.647543677865045,811.4883988416248,0.010075828875941611,0
103.82198136039807,489.2697855995771,12.414131516641604,1322.9557581419704,0.01629243262302823,0
100.92873096312297,544.7716925810278,23.75289583760883,935.5943691015883,0.01571606109748076,0
72.80287718040162,342.91238479315007,17.91902797557373,1265.0864218190156,0.04202298863114705,0
114.92507132054442,387.32325310901945,14.349653304798212,718.6369981004923,0.016012543556009274,0
112.9096836228215,380.6074993600945,17.74993571002093,1117.1808402329298,0.020382782506458134,0
143.2650944661092,514.2943094763707,26.285746084312862,852.6459728104755,0.008390189834395243,0
93.84443530093998,673.2514999485091,17.323324564918885,716.9465616151625,0.009544673203909386,0
104.38300655327878,723.1300146192632,21.7922680910481,1043.7068084821892,0.008062022008154347,0
104.9876736742151,563.8051101440757,16.34521862142263,1201.8943577191937,0.013381014648106574,0
131.5490655952695,550.0844474944457,23.7896092496181,831.0117122813008,0.008987605889352416,0
98.09408935226095,319.8942265847261,23.42753869395102,700.1968079083197,0.028429183112343312,0
105.58043051540679,445.73262002659783,29.243044166482058,981.631047133009,0.02106324715971074,0
112.15793019433079,421.2216248091761,19.122180272503922,982.5129342445638,0.018195761671679078,0
103.73218246312716,437.91524017488837,23.343274023789533,1109.6639255108998,0.021725222532482772,0
91.07132770898943,483.18561814152105,20.490337697694724,1189.9189142728976,0.022629549760192803,0
103.88179985796616,452.79094223028727,26.47935890931507,988.1169637455012,0.020755463855168074,0
121.47263499719544,302.0700189624212,16.40583806195635,1371.1006629588526,0.022245382164394957,0
79.4696940117788,574.7910256117534,23.725026564386404,1044.8469489070583,0.020074487119441445,0
102.65939348293752,392.72569742601934,19.026513519416593,930.71469879862,0.022489956190082542,0
85.99758370121654,523.924686411115,19.679059114457512,677.6865281794344,0.018062329398609307,0
123.90093257849685,707.4082669749973,20.458762422241865,947.4680959367664,0.005933230404285594,0
69.5362619043245,408.06154084135767,21.261201982133386,932.7226109177727,0.03560433546322442,0
88.82156305456823,246.97124772536702,19.41885478439021,1192.0609592562942,0.04286107754183146,0
107.54423750129041,471.39957781198893,21.073565915852633,1092.4967248133707,0.017970985072906842,0
131.31048058468681,610.0959634998571,27.890590287810923,764.1261756734766,0.007510358411965418,0
98.68499477854024,695.8347454220594,24.92724842807609,1034.4508772822076,0.010078002660334574,0
88.89600946613604,377.0450405547583,24.34577296248448,1134.3062343458107,0.03263671712555821,0
137.6231413888118,549.6699223236521,17.722302369880648,1305.6062718775665,0.008415189941245061,0
71.03972199167512,453.46895432199466,15.55379585885838,1177.5007934828118,0.02993842716122541,0
56.023880867598365,489.4051645695864,24.776502791188765,1152.1693308622955,0.036812103844396274,0
108.80028900106664,764.4343347017035,24.380233962648973,1012.0171989230328,0.006551421493054615,0
89.95891551294778,349.7029671604847,27.36335337875491,1077.66240108469,0.03504467139069062,0
79.57534365738573,525.3739661494574,16.98009687015385,1249.9009801412317,0.02242108369400837,0
114.16712894598706,546.7693171765433,18.852256723198266,733.44452050407,0.0110451898820678,0
104.87601427542398,608.5786324939347,11.80257918737283,930.1121345566088,0.00978877515235317,0
88.71842738526543,509.79831534708956,18.037644469695636,845.4862502487518,0.018879298742378422,0
74.39391202658211,530.8050539504102,24.982852552897235,1075.8306237452248,0.025305339146515535,1
117.44914656560289,460.8351432578209,17.66752310385901,1246.0444351301576,0.015532776022228821,0
113.00402355917322,526.9126941245107,23.20239897600412,880.6051426557852,0.01341336814573399,0
98.01648272441234,465.6807724502589,19.047484470010943,521.9391265061124,0.016673710973118174,0
136.9327399209533,562.1571889856051,21.620285141107804,917.555850995106,0.007866997583187322,0
78.59830467347695,463.03896639563663,14.261543050921663,1182.6947464034813,0.02570709406197544,0
69.48949658150522,537.7100393902186,20.426047248169507,1107.525980589976,0.025189128377403884,0
86.16183860237511,497.0737186315022,5.044320145496384,1085.6372495621151,0.016071597568572373,0
99.08827967289004,612.6050250772169,19.065519209190075,944.001339625104,0.01217681454823121,0
104.86678898645384,494.8606276411514,11.8476337814243,744.1938527560427,0.013234694405075485,0
95.1752788428734,322.6967531793118,26.029972582734082,1103.0588643248934,0.03457747181183455,0
107.04110793028593,626.1921500713992,23.887036763822557,833.1436379930751,0.010548556715190149,0
74.96921151619112,409.4267699137381,22.333354909830405,1436.8193466760913,0.03755951565152356,0
128.8752920814652,434.62336613511803,27.6050311357969,1114.1014416709031,0.015094897305085694,0
98.35697643214863,440.4338705956508,15.255417395875813,883.8703394892098,0.01941257179425999,0
122.34591663176255,637.4438093170818,28.736815989577792,877.7229505222743,0.008378432748648072,0
106.85450692755408,286.43257860213043,24.660957821301924,981.4111586772824,0.030143507053893757,0
109.13506438307567,813.7748533659994,18.81722356390527,952.09961559565,0.004886649542203056,0
111.39534560464408,605.6056809066051,25.67810073591472,1223.366755105991,0.011994116685019283,0
108.9541712003463,522.3238914129159,14.468532437941828,1037.2832339488093,0.01329310432268348,0
112.85445519735087,494.51059993837134,15.877429192361632,853.6736522182944,0.013202579952549984,0
126.58305060264863,528.5554074857657,16.9570513838015,1378.0881370311565,0.010961823953011712,0
103.9304233940294,552.1122428379339,17.355111459679925,1009.8616663040445,0.01370478392032636,0
114.18007515177024,564.5215585950057,14.717211786198735,1153.7679351937793,0.01105131443378278,0
98.20528611425547,555.5604466003449,26.115415335476627,878.3546985110481,0.015914338532093588,0
128.80234430898946,508.9580681255249,18.70572799815084,1072.6231255489047,0.010808584815987737,0
86.4721539588146,480.2661579692674,21.762524841784398,1062.221998228639,0.024045438143363355,0
136.0188086582163,484.87267163464884,17.148243167931597,622.0701415807694,0.008509088456130135,0
99.19684098711313,480.5091719647319,10.896983497257414,1403.055022092128,0.01757449539319276,0
71.38449795763904,613.3770096867065,21.35028679195711,1258.1288921845094,0.020065730968969634,0
102.56208829821578,559.3556722280862,10.438725122901115,920.5609367708025,0.011530010768238445,0
86.37896685050238,205.96113653357196,19.656829769572656,779.5460519088289,0.043182760489174535,0
116.81287097977449,565.5900776529761,13.158424805835947,1069.5123227607105,0.009998901841836008,0
86.94752041395218,519.4736194718774,29.936379996154038,1017.3395398828793,0.022659633120311103,0
91.07633133570441,498.1291243554103,24.556813610873608,1071.133789712646,0.02208424909630457,0
62.209185381089384,461.1481546911114,20.528768956357403,1038.315479238818,0.034288950682625226,0
90.95387361501847,612.4112719986014,26.318533388273345,1101.2481978611852,0.015686006780351574,0
51.52241346742087,594.7526462122858,15.768420112671322,1289.4611398783613,0.025119604882177304,0
68.32194353028554,422.7122332176391,22.717396893350465,1113.6206410257291,0.03719601231163092,0
115.20829312288595,540.7052287124535,20.99905216859357,790.0689002180118,0.01166999633156273,0
115.71600317301665,402.8343265458714,21.32010040666835,1272.5125705424903,0.02000066545143446,0
108.50915123569929,362.03818352110693,26.361767500533837,1328.1229126976575,0.02680998404624808,0
80.66047713741574,437.3282775410035,23.66246051389901,1630.4113469024169,0.03351093766603638,0
99.0457728771604,586.2393472382759,21.443618314125118,775.3011933520804,0.012999891044776148,0
99.92794921818863,595.3125045376087,11.725562818858519,1048.576402630055,0.011419069718570646,0
76.83270621614915,551.3085420097293,15.199768523602682,583.5802593622025,0.01670612087947333,0
130.067966035343,572.5095786847997,19.38645533202138,1110.6298312758418,0.008809979436681775,0
117.54724581151342,551.6178287114958,20.466861871383255,890.3599403666454,0.011147392533120186,0
95.58071652340672,435.8518404777048,14.34898137663038,1384.6891589649906,0.022755743691171067,0
100.53771677989062,543.192254467394,32.058383377892106,845.0770059962836,0.01652373479707568,0
104.16765615895105,580.0409525227682,27.581970276267864,662.1633924065477,0.012507908193306912,0
59.16530263151419,575.4291329813574,23.010591601962417,905.747251859496,0.02475064540201382,0
95.05645234958806,618.8913371474644,20.360184306418724,604.9024457565724,0.011343493026250052,0
86.36031504004403,570.8303847201064,18.93895515049424,1150.219890901462,0.017815915155896887,0
79.96759980210169,535.1448207541583,15.240407699888822,586.9833907487359,0.016898441669987684,0
94.3779941422809,607.0150238316428,20.387402592594313,1005.6915162366317,0.013830339913997017,0
135.95373053699046,497.347874075094,21.288762700713754,584.4376360287606,0.008585663262442285,0
112.8168572253402,411.81253487722825,13.791197122591878,935.9404390926716,0.01655963465098402,0
88.57642020434406,483.6933036056236,21.670882086224488,1328.6756311609067,0.02447321392511057,0
111.45165562712317,425.5097355193551,19.223704755876255,1072.129578287159,0.01867188840258956,0
